17.948;0;280.1226806640625;45.61880553265995;11.408639907836914;14.000000423855251;1.5697951316833496;-0.02046277883253747;-0.00035714286473518023;1.0;0.0;0;0.0;0.0;0.0;0.0;0.0;0.0
17.951999999999998;1;280.24847412109375;45.61869730766301;11.450013160705566;0.5913603040907116;1.5698074102401733;-0.011936620818239234;-0.00020833333484037423;1.0;0.0;0;0.0;0.0;0.0;0.0;0.0;0.0
17.963;2;280.374755859375;45.61860815596127;11.491703987121582;0.5913603040907116;1.569831371307373;-0.011936620818239234;-0.00020833333484037423;1.0;0.0;0;0.0;0.0;0.0;0.0;0.0;0.0
17.974;3;280.50146484375;45.6185300891593;11.53348445892334;0.5082962248060436;1.569860577583313;-0.011936620818239234;-0.00020833333484037423;1.0;0.0;0;0.0;0.0;0.0;0.0;0.0;0.0
17.985;4;280.6286315917969;45.61846186077606;11.575210571289062;0.5082962248060436;1.5698938369750977;-0.011936620818239234;-0.00020833333484037423;1.0;0.0;0;0.0;0.0;0.0;0.0;0.0;0.0
17.996;5;280.7562561035156;45.61840244099491;11.616921424865723;0.42478964063856317;1.5699303150177002;-0.023873242154561016;-0.00041666667872299474;1.0;0.0;0;0.0;0.0;0.0;0.0;0.0;0.0
18.007;6;280.88433837890625;45.61835754413635;11.65861988067627;0.42478964063856317;1.5699743032455444;-0.023873242154561016;-0.00041666667872299474;1.0;0.0;0;15.0;15.0;15.0;15.0;2.0;2.0
18.018;7;281.01287841796875;45.6183316009058;11.700288772583008;0.42478964063856317;1.5700280666351318;-0.023873242154561016;-0.00041666667872299474;1.0;0.0;0;15.0;15.0;15.0;15.0;2.0;2.0
18.029;8;281.1418762207031;45.61832468239852;11.741983413696289;0.29971143934461786;1.5700900554656982;-0.011936620818239234;-0.00020833333484037423;1.0;0.0;0;15.0;15.0;15.0;15.0;2.0;2.0
18.04;9;281.2713623046875;45.61832938126457;11.783670425415039;0.29971143934461786;1.5701531171798706;-0.011936620818239234;-0.00020833333484037423;1.0;0.0;0;15.0;15.0;15.0;15.0;2.0;2.0
18.051;10;281.4012756347656;45.61834007797515;11.825362205505371;0.29971143934461786;1.5702143907546997;-0.011936620818239234;-0.00020833333484037423;1.0;0.0;0;15.0;15.0;15.0;15.0;2.0;2.0
18.062;11;281.5316467285156;45.61835533986571;11.867046356201172;0.17463800642225458;1.5702742338180542;-0.011936620818239234;-0.00020833333484037423;1.0;0.0;0;15.0;15.0;15.0;15.0;2.0;2.0
18.073;12;281.6624755859375;45.61837528186458;11.908724784851074;0.17463800642225458;1.5703325271606445;-0.011936620818239234;-0.00020833333484037423;1.0;0.0;0;15.0;15.0;15.0;15.0;2.0;2.0
18.084;13;281.79376220703125;45.61840031361084;11.950397491455078;0.17463800642225458;1.5703893899917603;-0.011936620818239234;-0.00020833333484037423;1.0;0.0;0;15.0;15.0;15.0;15.0;2.0;2.0
18.095;14;281.925537109375;45.61843068307431;11.991399765014648;0.049602720472547546;1.5704435110092163;-0.011936620818239234;-0.00020833333484037423;0.3121006488800049;0.0;0;15.0;15.0;15.0;15.0;2.0;2.0
18.106;15;282.05755615234375;45.61845738611962;12.007757186889648;0.049602720472547546;1.5704882144927979;-0.011936620818239234;-0.00020833333484037423;0.3121006488800049;0.0;0;15.0;15.0;15.0;15.0;2.0;2.0
18.117;16;282.189697265625;45.61848714291944;12.020342826843262;0.049602720472547546;1.5705416202545166;-0.011936620818239234;-0.00020833333484037423;0.3121006488800049;0.0;0;15.0;15.0;15.0;15.0;2.0;2.0
18.128;17;282.322021484375;45.61853016579439;12.029330253601074;-0.020342614915636048;1.5705921649932861;-0.023873242154561016;-0.00041666667872299474;0.0;0.13994190096855164;0;15.0;15.0;15.0;15.0;2.0;2.0
18.139;18;282.4542541503906;45.61858949114713;12.016672134399414;-0.020342614915636048;1.570648431777954;-0.023873242154561016;-0.00041666667872299474;0.0;0.13994190096855164;0;15.0;15.0;15.0;15.0;2.0;2.0
18.15;19;282.58636474609375;45.61867187831674;12.004021644592285;-0.020342614915636048;1.570716381072998;-0.023873242154561016;-0.00041666667872299474;0.0;0.13994190096855164;0;15.0;15.0;15.0;15.0;2.0;2.0
18.161;20;282.71832275390625;45.618777509106636;11.991418838500977;-0.004021432664659486;1.570793628692627;-0.035809864527048096;-0.00062500004069011134;0.0;0.027959581464529037;0;15.0;15.0;15.0;15.0;2.0;2.0
18.172;21;282.8502197265625;45.61891038369562;11.988021850585938;-0.004021432664659486;1.5708820819854736;-0.035809864527048096;-0.00062500004069011134;0.0;0.027959581464529037;0;15.0;15.0;15.0;15.0;2.0;2.0
18.183;22;282.9820556640625;45.619080411278446;11.984935760498047;-0.004021432664659486;1.570987582206726;-0.035809864527048096;-0.00062500004069011134;0.0;0.027959581464529037;0;15.0;15.0;15.0;15.0;2.0;2.0
18.194;23;283.1138916015625;45.61928601008422;11.981884956359863;0.015064451429578796;1.571107268333435;-0.011936620818239234;-0.00020833333484037423;0.1012401431798935;0.0;0;15.0;15.0;15.0;15.0;2.0;2.0
18.205;24;283.2456970214844;45.6195123095003;11.985218048095703;0.015064451429578796;1.5712307691574097;-0.011936620818239234;-0.00020833333484037423;0.1012401431798935;0.0;0;15.0;15.0;15.0;15.0;2.0;2.0
18.216;25;283.3775634765625;45.61972664736221;11.989039421081543;0.015064451429578796;1.5713331699371338;-0.011936620818239234;-0.00020833333484037423;0.1012401431798935;0.0;0;15.0;15.0;15.0;15.0;2.0;2.0
18.227;26;283.50946044921875;45.61991796416597;11.992477416992188;0.010960790846082702;1.5714104175567627;-0.011936620818239234;-0.00020833333484037423;0.1012401431798935;0.0;0;15.0;15.0;15.0;15.0;2.0;2.0
18.238;27;283.6413879394531;45.6200981065769;11.995065689086914;0.010960790846082702;1.5714747905731201;-0.011936620818239234;-0.00020833333484037423;0.0729517787694931;0.0;0;15.0;15.0;15.0;15.0;2.0;2.0
18.249;28;283.7733459472656;45.6202765095324;11.997506141662598;0.010960790846082702;1.5715339183807373;-0.011936620818239234;-0.00020833333484037423;0.0729517787694931;0.0;0;15.0;15.0;15.0;15.0;2.0;2.0
18.26;29;283.90533447265625;45.62045790341881;11.999909400939941;0.0024940702650280144;1.5715898275375366;-0.011936620818239234;-0.00020833333484037423;0.016748398542404175;0.0;0;15.0;15.0;15.0;15.0;2.0;2.0
18.272;30;284.037353515625;45.6206443842938;11.999357223510742;0.0024940702650280144;1.5716441869735718;-0.011936620818239234;-0.00020833333484037423;0.016748398542404175;0.0;0;15.0;15.0;15.0;15.0;2.0;2.0
18.282;31;284.1693420410156;45.620837141121854;11.998674392700195;0.0024940702650280144;1.5716978311538696;-0.011936620818239234;-0.00020833333484037423;0.016748398542404175;0.0;0;15.0;15.0;15.0;15.0;2.0;2.0
18.293;32;284.3013000488281;45.6210369542116;11.997990608215332;0.0013258192274303582;1.5717511177062988;-0.011936620818239234;-0.00020833333484037423;0.008894884027540684;0.0;0;15.0;15.0;15.0;15.0;2.0;2.0
18.304;33;284.43328857421875;45.62124364450942;11.996335983276367;0.0013258192274303582;1.5718045234680176;-0.011936620818239234;-0.00020833333484037423;0.008894884027540684;0.0;0;15.0;15.0;15.0;15.0;2.0;2.0
18.315;34;284.5652160644531;45.6214567952462;11.994669914245605;0.0013258192274303582;1.5718584060668945;-0.011936620818239234;-0.00020833333484037423;0.008894884027540684;0.0;0;15.0;15.0;15.0;15.0;2.0;2.0
18.326;35;284.6971740722656;45.62167726940034;11.992958068847656;0.005330297682020202;1.5719120502471924;0.0;0.0;0.0352141335606575;0.0;0;15.0;15.0;15.0;15.0;2.0;2.0
18.337;36;284.8291015625;45.62189974418168;11.99367904663086;0.005330297682020202;1.571961760520935;0.0;0.0;0.0352141335606575;0.0;0;15.0;15.0;15.0;15.0;2.0;2.0
18.348;37;284.9610290527344;45.62211170156025;11.994488716125488;0.005330297682020202;1.5719993114471436;0.0;0.0;0.0352141335606575;0.0;0;15.0;15.0;15.0;15.0;2.0;2.0
18.359;38;285.09295654296875;45.6223125676862;11.995299339294434;0.005511495802137389;1.5720263719558716;0.0;0.0;0.03728433698415756;0.0;0;15.0;15.0;15.0;15.0;2.0;2.0
18.37;39;285.22491455078125;45.62250417606001;11.996192932128906;0.005511495802137389;1.5720453262329102;0.0;0.0;0.03728433698415756;0.0;0;15.0;15.0;15.0;15.0;2.0;2.0
18.381;40;285.35687255859375;45.62268882336645;11.997092247009277;0.005511495802137389;1.5720583200454712;0.0;0.0;0.03728433698415756;0.0;0;15.0;15.0;15.0;15.0;2.0;2.0
18.392;41;285.4888610839844;45.62286851577731;11.997989654541016;0.005511495802137389;1.5720670223236084;0.0;0.0;0.03728433698415756;0.0;0;15.0;15.0;15.0;15.0;2.0;2.0
18.403;42;285.6208190917969;45.62304392990277;11.997367858886719;0.0020105573866100457;1.5720720291137695;0.0;0.0;0.01387751754373312;0.0;0;15.0;15.0;15.0;15.0;2.0;2.0
18.414;43;285.7528076171875;45.62321295185478;11.996315956115723;0.0020105573866100457;1.5720722675323486;0.0;0.0;0.01387751754373312;0.0;0;15.0;15.0;15.0;15.0;2.0;2.0
18.425;44;285.884765625;45.6233759428489;11.99526596069336;0.0020105573866100457;1.572068452835083;0.0;0.0;0.01387751754373312;0.0;0;15.0;15.0;15.0;15.0;2.0;2.0
18.436;45;286.0166931152344;45.6235354051838;11.995620727539062;0.004734251234266296;1.5720628499984741;0.0;0.0;0.03190695494413376;0.0;0;15.0;15.0;15.0;15.0;2.0;2.0
18.447;46;286.1486511230469;45.623694682494246;11.99629020690918;0.004734251234266296;1.5720577239990234;0.0;0.0;0.03190695494413376;0.0;0;15.0;15.0;15.0;15.0;2.0;2.0
18.457;47;286.2806091308594;45.62385645663356;11.996959686279297;0.004734251234266296;1.5720547437667847;0.0;0.0;0.03190695494413376;0.0;0;15.0;15.0;15.0;15.0;2.0;2.0
18.469;48;286.41259765625;45.62402171715249;11.996908187866211;0.0030405256483287957;1.572054386138916;0.0;0.0;0.020416928455233574;0.0;0;15.0;15.0;15.0;15.0;2.0;2.0
18.48;49;286.5445556640625;45.62419010047852;11.996694564819336;0.0030405256483287957;1.5720560550689697;0.0;0.0;0.020416928455233574;0.0;0;15.0;15.0;15.0;15.0;2.0;2.0
18.491;50;286.676513671875;45.624360307023316;11.996481895446777;0.003305647108289733;1.5720586776733398;0.0;0.0;0.020416928455233574;0.0;0;15.0;15.0;15.0;15.0;2.0;2.0
18.502;51;286.8084716796875;45.624530697102436;11.996438026428223;0.003305647108289733;1.5720610618591309;0.0;0.0;0.021869806572794914;0.0;0;15.0;15.0;15.0;15.0;2.0;2.0
18.513;52;286.9404296875;45.62469991473797;11.996411323547363;0.003305647108289733;1.5720624923706055;0.0;0.0;0.021869806572794914;0.0;0;15.0;15.0;15.0;15.0;2.0;2.0
18.524;53;287.0723876953125;45.62486740111026;11.996384620666504;0.003305647108289733;1.572062611579895;0.0;0.0;0.021869806572794914;0.0;0;15.0;15.0;15.0;15.0;2.0;2.0
18.534;54;287.2043762207031;45.625033409824944;11.996594429016113;0.0036155912611217644;1.5720618963241577;0.0;0.0;0.024915998801589012;0.0;0;15.0;15.0;15.0;15.0;2.0;2.0
18.546;55;287.3363342285156;45.62519884209215;11.997005462646484;0.0036155912611217644;1.5720607042312622;0.0;0.0;0.024915998801589012;0.0;0;15.0;15.0;15.0;15.0;2.0;2.0
18.557;56;287.4682922363281;45.62536420350643;11.997323036193848;0.0036155912611217644;1.5720597505569458;0.0;0.0;0.024915998801589012;0.0;0;15.0;15.0;15.0;15.0;2.0;2.0
18.568;57;287.60028076171875;45.62552985450731;11.996975898742676;0.0026771757337780144;1.5720590353012085;0.0;0.0;0.017693834379315376;0.0;0;15.0;15.0;15.0;15.0;2.0;2.0
18.578;58;287.73223876953125;45.62569610479808;11.996413230895996;0.0026771757337780144;1.5720587968826294;0.0;0.0;0.017693834379315376;0.0;0;15.0;15.0;15.0;15.0;2.0;2.0
18.59;59;287.86419677734375;45.62586305003807;11.995851516723633;0.0026771757337780144;1.5720590353012085;0.0;0.0;0.017693834379315376;0.0;0;15.0;15.0;15.0;15.0;2.0;2.0
18.601;60;287.99615478515625;45.626030421081055;11.996081352233887;0.004148695203992858;1.5720595121383667;0.0;0.0;0.028579341247677803;0.0;0;15.0;15.0;15.0;15.0;2.0;2.0
18.612;61;288.12811279296875;45.6261979064405;11.99660873413086;0.004148695203992858;1.572059988975525;0.0;0.0;0.028579341247677803;0.0;0;15.0;15.0;15.0;15.0;2.0;2.0
18.623;62;288.26007080078125;45.62636528712896;11.997135162353516;0.004148695203992858;1.5720603466033936;0.0;0.0;0.028579341247677803;0.0;0;15.0;15.0;15.0;15.0;2.0;2.0
18.634;63;288.39202880859375;45.626532397360265;11.997220993041992;0.0028650495741100457;1.572060465812683;0.0;0.0;0.0198688767850399;0.0;0;15.0;15.0;15.0;15.0;2.0;2.0
18.645;64;288.5240173339844;45.626699139628386;11.99693775177002;0.0028650495741100457;1.5720603466033936;0.0;0.0;0.0198688767850399;0.0;0;15.0;15.0;15.0;15.0;2.0;2.0
18.656;65;288.6559753417969;45.62686560488462;11.996654510498047;0.0028650495741100457;1.5720601081848145;0.0;0.0;0.0198688767850399;0.0;0;15.0;15.0;15.0;15.0;2.0;2.0
18.667;66;288.7879333496094;45.62703201810899;11.996562004089355;0.0033457014295787957;1.5720598697662354;0.0;0.0;0.022198745980858803;0.0;0;15.0;15.0;15.0;15.0;2.0;2.0
18.678;67;288.9198913574219;45.627198544491264;11.996577262878418;0.0033457014295787957;1.5720597505569458;0.0;0.0;0.022198745980858803;0.0;0;15.0;15.0;15.0;15.0;2.0;2.0
18.689;68;289.0518493652344;45.62736519900444;11.99659252166748;0.0033457014295787957;1.5720596313476562;0.0;0.0;0.022198745980858803;0.0;0;15.0;15.0;15.0;15.0;2.0;2.0
18.7;69;289.183837890625;45.62753197728071;11.996670722961426;0.003407690260145202;1.5720597505569458;0.0;0.0;0.02310817502439022;0.0;0;15.0;15.0;15.0;15.0;2.0;2.0
18.711;70;289.3157958984375;45.62769889989109;11.996803283691406;0.003407690260145202;1.5720598697662354;0.0;0.0;0.02310817502439022;0.0;0;15.0;15.0;15.0;15.0;2.0;2.0
18.721;71;289.44775390625;45.62786591583383;11.99693489074707;0.003407690260145202;1.5720598697662354;0.0;0.0;0.02310817502439022;0.0;0;15.0;15.0;15.0;15.0;2.0;2.0
18.733;72;289.5797119140625;45.62803287839267;11.996862411499023;0.003065321180555358;1.572059988975525;0.0;0.0;0.020594710484147072;0.0;0;15.0;15.0;15.0;15.0;2.0;2.0
18.744;73;289.7117004394531;45.628199713710146;11.996671676635742;0.003065321180555358;1.5720601081848145;0.0;0.0;0.020594710484147072;0.0;0;15.0;15.0;15.0;15.0;2.0;2.0
18.755;74;289.8436584472656;45.62836648208205;11.996481895446777;0.003065321180555358;1.5720601081848145;0.0;0.0;0.020594710484147072;0.0;0;15.0;15.0;15.0;15.0;2.0;2.0
18.766;75;289.9756164550781;45.62853324157725;11.996291160583496;0.003065321180555358;1.572059988975525;0.0;0.0;0.020594710484147072;0.0;0;15.0;15.0;15.0;15.0;2.0;2.0
18.778;76;290.1075744628906;45.628699957693975;11.996101379394531;0.003065321180555358;1.5720598697662354;0.0;0.0;0.020594710484147072;0.0;0;15.0;15.0;15.0;15.0;2.0;2.0
18.786;77;290.2395324707031;45.62886663130257;11.995911598205566;0.0038988325330944207;1.5720598697662354;0.0;0.0;0.020594710484147072;0.0;0;15.0;15.0;15.0;15.0;2.0;2.0
18.799;78;290.3714904785156;45.629033357721724;11.996576309204102;0.0038988325330944207;1.5720598697662354;0.0;0.0;0.03627779334783554;0.0;0;15.0;15.0;15.0;15.0;2.0;2.0
18.81;79;290.5034484863281;45.629200195200006;11.997431755065918;0.0038988325330944207;1.5720598697662354;0.0;0.0;0.03627779334783554;0.0;0;15.0;15.0;15.0;15.0;2.0;2.0
18.821;80;290.63543701171875;45.62936705934239;11.997566223144531;0.002568456861707702;1.5720598697662354;0.0;0.0;0.016339004039764404;0.0;0;15.0;15.0;15.0;15.0;2.0;2.0
18.832;81;290.76739501953125;45.629533868627526;11.996465682983398;0.0024339887830944207;1.572059988975525;0.0;0.0;0.005866578314453363;0.0;0;15.0;15.0;15.0;15.0;2.0;2.0
18.843;82;290.89935302734375;45.62970065337362;11.994389533996582;0.0024339887830944207;1.572059988975525;0.0;0.0;0.005866578314453363;0.0;0;15.0;15.0;15.0;15.0;2.0;2.0
18.854;83;291.0312805175781;45.629867451987515;11.99231243133545;0.0024339887830944207;1.572059988975525;0.0;0.0;0.005866578314453363;0.0;0;15.0;15.0;15.0;15.0;2.0;2.0
18.865;84;291.1631774902344;45.63003420315259;11.99212646484375;0.007687780592176452;1.572059988975525;0.0;0.0;0.048891469836235046;0.0;0;15.0;15.0;15.0;15.0;2.0;2.0
18.876;85;291.29510498046875;45.63020089425143;11.993522644042969;0.007687780592176452;1.572059988975525;0.0;0.0;0.048891469836235046;0.0;0;15.0;15.0;15.0;15.0;2.0;2.0
18.887;86;291.4270324707031;45.63036760196305;11.994916915893555;0.007687780592176452;1.572059988975525;0.0;0.0;0.048891469836235046;0.0;0;15.0;15.0;15.0;15.0;2.0;2.0
18.898;87;291.5589904785156;45.63053439796282;11.99631118774414;0.005083296034070983;1.5720598697662354;0.0;0.0;0.03708523511886597;0.0;0;15.0;15.0;15.0;15.0;2.0;2.0
18.909;88;291.6909484863281;45.630701218997004;11.997201919555664;0.005083296034070983;1.5720598697662354;0.0;0.0;0.03708523511886597;0.0;0;15.0;15.0;15.0;15.0;2.0;2.0
18.92;89;291.82293701171875;45.630867998836976;11.998091697692871;0.005083296034070983;1.5720598697662354;0.0;0.0;0.03708523511886597;0.0;0;15.0;15.0;15.0;15.0;2.0;2.0
18.931;90;291.9549255371094;45.631034789652695;11.998167037963867;0.001908514234754577;1.572059988975525;0.0;0.0;0.011488687247037888;0.0;0;15.0;15.0;15.0;15.0;2.0;2.0
18.942;91;292.0868835449219;45.6312016372377;11.996809959411621;0.001908514234754577;1.572059988975525;0.0;0.0;0.011488687247037888;0.0;0;15.0;15.0;15.0;15.0;2.0;2.0
18.953;92;292.2188415527344;45.63136847116063;11.995453834533691;0.001908514234754577;1.5720598697662354;0.0;0.0;0.011488687247037888;0.0;0;15.0;15.0;15.0;15.0;2.0;2.0
18.964;93;292.3507995605469;45.63153521766947;11.994811058044434;0.004546377393934264;1.572059988975525;0.0;0.0;0.030594047158956528;0.0;0;15.0;15.0;15.0;15.0;2.0;2.0
18.975;94;292.48272705078125;45.63170194854289;11.9954252243042;0.004546377393934264;1.572059988975525;0.0;0.0;0.030594047158956528;0.0;0;15.0;15.0;15.0;15.0;2.0;2.0
18.986;95;292.61468505859375;45.631868755355484;11.996038436889648;0.004546377393934264;1.572059988975525;0.0;0.0;0.030594047158956528;0.0;0;15.0;15.0;15.0;15.0;2.0;2.0
18.997;96;292.74664306640625;45.63203578322842;11.996586799621582;0.003961775037977233;1.5720596313476562;-0.023873242154561016;-0.00041666667872299474;0.027335243299603462;0.0;0;15.0;15.0;15.0;15.0;2.0;2.0
19.008;97;292.87860107421875;45.63223295792194;11.997076034545898;0.003961775037977233;1.5720804929733276;-0.023873242154561016;-0.00041666667872299474;0.027335243299603462;0.0;0;15.0;15.0;15.0;15.0;2.0;2.0
19.019;98;293.0105895996094;45.632493369769236;11.997488975524902;0.003961775037977233;1.5721428394317627;-0.023873242154561016;-0.00041666667872299474;0.027335243299603462;0.0;0;15.0;15.0;15.0;15.0;2.0;2.0
19.03;99;293.1425476074219;45.63281603060848;11.997349739074707;0.002511236402723327;1.572241187095642;0.0;0.0;0.0162404365837574;0.0;0;15.0;15.0;15.0;15.0;2.0;2.0
19.041;100;293.2745361328125;45.63315625036976;11.996591567993164;0.002511236402723327;1.5723402500152588;0.0;0.0;0.0162404365837574;0.0;0;15.0;15.0;15.0;15.0;2.0;2.0
19.052;101;293.406494140625;45.633473070845575;11.99585247039795;0.002511236402723327;1.5724124908447266;0.0;0.0;0.0162404365837574;0.0;0;15.0;15.0;15.0;15.0;2.0;2.0
19.063;102;293.5384216308594;45.633745830250845;11.995282173156738;0.004147741529676452;1.5724490880966187;0.011936620818239234;0.00020833333484037423;0.02914988249540329;0.0;0;15.0;15.0;15.0;15.0;2.0;2.0
19.074;103;293.6703796386719;45.63396507502804;11.995882987976074;0.004147741529676452;1.572447419166565;0.011936620818239234;0.00020833333484037423;0.02914988249540329;0.0;0;15.0;15.0;15.0;15.0;2.0;2.0
19.085;104;293.8023376464844;45.63413639258702;11.996376037597656;0.004147741529676452;1.5724153518676758;0.011936620818239234;0.00020833333484037423;0.02914988249540329;0.0;0;15.0;15.0;15.0;15.0;2.0;2.0
19.096;105;293.9342956542969;45.63428483972857;11.996843338012695;0.0036241743299694207;1.5723721981048584;0.011936620818239234;0.00020833333484037423;0.024353906512260437;0.0;0;15.0;15.0;15.0;15.0;2.0;2.0
19.107;106;294.0662841796875;45.634417986627696;11.9971342086792;0.0036241743299694207;1.5723236799240112;0.011936620818239234;0.00020833333484037423;0.024353906512260437;0.0;0;15.0;15.0;15.0;15.0;2.0;2.0
19.117;107;294.1982421875;45.634540368234255;11.997425079345703;0.0036241743299694207;1.572271704673767;0.011936620818239234;0.00020833333484037423;0.024353906512260437;0.0;0;15.0;15.0;15.0;15.0;2.0;2.0
19.129;108;294.3302307128906;45.63465385695008;11.997583389282227;0.0025751325819225457;1.5722178220748901;0.0;0.0;0.017319398000836372;0.0;0;15.0;15.0;15.0;15.0;2.0;2.0
19.14;109;294.4621887207031;45.63477084860735;11.996988296508789;0.0025751325819225457;1.5721714496612549;0.0;0.0;0.017319398000836372;0.0;0;15.0;15.0;15.0;15.0;2.0;2.0
19.151;110;294.5941467285156;45.63491041903384;11.996362686157227;0.0025751325819225457;1.5721447467803955;0.0;0.0;0.017319398000836372;0.0;0;15.0;15.0;15.0;15.0;2.0;2.0
19.162;111;294.7261047363281;45.6350763703039;11.99615478515625;0.003637525770399108;1.5721383094787598;0.011936620818239234;0.00020833333484037423;0.024769959971308708;0.0;0;15.0;15.0;15.0;15.0;2.0;2.0
19.173;112;294.8580627441406;45.63524583906494;11.996500015258789;0.003637525770399108;1.5721335411071777;0.011936620818239234;0.00020833333484037423;0.024769959971308708;0.0;0;15.0;15.0;15.0;15.0;2.0;2.0
19.184;113;294.9900207519531;45.63540195704562;11.996841430664062;0.003637525770399108;1.572118878364563;0.011936620818239234;0.00020833333484037423;0.024769959971308708;0.0;0;15.0;15.0;15.0;15.0;2.0;2.0
19.195;114;295.12200927734375;45.635541363163696;11.997114181518555;0.0031587812635631707;1.572094440460205;0.0;0.0;0.02243555709719658;0.0;0;15.0;15.0;15.0;15.0;2.0;2.0
19.206;115;295.25396728515625;45.63567463795453;11.997159957885742;0.0031587812635631707;1.5720691680908203;0.0;0.0;0.02243555709719658;0.0;0;15.0;15.0;15.0;15.0;2.0;2.0
19.217;116;295.38592529296875;45.63581182660377;11.99720573425293;0.0031587812635631707;1.5720494985580444;0.0;0.0;0.02243555709719658;0.0;0;15.0;15.0;15.0;15.0;2.0;2.0
19.228;117;295.5179138183594;45.63595440367633;11.9972505569458;0.002794477674695983;1.5720349550247192;0.011936620818239234;0.00020833333484037423;0.019683275371789932;0.0;0;15.0;15.0;15.0;15.0;2.0;2.0
19.239;118;295.6498718261719;45.63609458859874;11.996979713439941;0.002794477674695983;1.5720198154449463;0.011936620818239234;0.00020833333484037423;0.019683275371789932;0.0;0;15.0;15.0;15.0;15.0;2.0;2.0
19.25;119;295.7818298339844;45.636211600747956;11.996644020080566;0.002794477674695983;1.57198965549469;0.011936620818239234;0.00020833333484037423;0.019683275371789932;0.0;0;15.0;15.0;15.0;15.0;2.0;2.0
19.261;120;295.913818359375;45.63630014373772;11.9963960647583;0.0033561918470592644;1.5719425678253174;0.0;0.0;0.022525716572999954;0.0;0;15.0;15.0;15.0;15.0;2.0;2.0
19.272;121;296.0457763671875;45.63637092188444;11.996377944946289;0.0033561918470592644;1.5718889236450195;0.0;0.0;0.022525716572999954;0.0;0;15.0;15.0;15.0;15.0;2.0;2.0
19.283;122;296.177734375;45.63644652596379;11.996509552001953;0.0033561918470592644;1.5718443393707275;0.0;0.0;0.022525716572999954;0.0;0;15.0;15.0;15.0;15.0;2.0;2.0
19.294;123;296.3096923828125;45.636532302106275;11.996491432189941;0.0034906599256725457;1.5718109607696533;0.0;0.0;0.022525716572999954;0.0;0;15.0;15.0;15.0;15.0;2.0;2.0
19.305;124;296.441650390625;45.63662810842369;11.996831893920898;0.0034906599256725457;1.5717864036560059;0.0;0.0;0.024317679926753044;0.0;0;15.0;15.0;15.0;15.0;2.0;2.0
19.316;125;296.5736083984375;45.63673199874529;11.997028350830078;0.0034906599256725457;1.5717687606811523;0.0;0.0;0.024317679926753044;0.0;0;15.0;15.0;15.0;15.0;2.0;2.0
19.327;126;296.7055969238281;45.6368417199059;11.997406005859375;0.0034906599256725457;1.5717564821243286;0.0;0.0;0.024317679926753044;0.0;0;15.0;15.0;15.0;15.0;2.0;2.0
19.338;127;296.8375549316406;45.636955860012336;11.9970703125;0.0025942060682506707;1.5717482566833496;0.0;0.0;0.01802518032491207;0.0;0;15.0;15.0;15.0;15.0;2.0;2.0
19.349;128;296.9695129394531;45.63707339796605;11.996588706970215;0.0025942060682506707;1.5717428922653198;0.0;0.0;0.01802518032491207;0.0;0;15.0;15.0;15.0;15.0;2.0;2.0
19.36;129;297.1014709472656;45.637193355666454;11.996031761169434;0.003411504957410827;1.5717395544052124;0.0;0.0;0.01802518032491207;0.0;0;15.0;15.0;15.0;15.0;2.0;2.0
19.371;130;297.2334289550781;45.63731483127718;11.995983123779297;0.003411504957410827;1.5717376470565796;0.0;0.0;0.02174423635005951;0.0;0;15.0;15.0;15.0;15.0;2.0;2.0
19.383;131;297.3653869628906;45.63743727566408;11.995870590209961;0.003411504957410827;1.571736454963684;0.0;0.0;0.02174423635005951;0.0;0;15.0;15.0;15.0;15.0;2.0;2.0
19.393;132;297.4973449707031;45.637560370087;11.99589729309082;0.003411504957410827;1.5717358589172363;0.0;0.0;0.02174423635005951;0.0;0;15.0;15.0;15.0;15.0;2.0;2.0
19.404;133;297.6293029785156;45.637683857535144;11.996198654174805;0.004102918836805358;1.5717353820800781;0.0;0.0;0.02800184115767479;0.0;0;15.0;15.0;15.0;15.0;2.0;2.0
19.415;134;297.7612609863281;45.637807502348736;11.99680233001709;0.004102918836805358;1.5717352628707886;0.0;0.0;0.02800184115767479;0.0;0;15.0;15.0;15.0;15.0;2.0;2.0
19.426;135;297.89324951171875;45.63793124191374;11.997213363647461;0.004102918836805358;1.571735143661499;0.0;0.0;0.02800184115767479;0.0;0;15.0;15.0;15.0;15.0;2.0;2.0
19.437;136;298.02520751953125;45.63805510079222;11.996936798095703;0.002786848280164733;1.5717350244522095;0.0;0.0;0.018517160788178444;0.0;0;15.0;15.0;15.0;15.0;2.0;2.0
19.448;137;298.15716552734375;45.63817907488239;11.996479034423828;0.002786848280164733;1.5717350244522095;0.0;0.0;0.018517160788178444;0.0;0;15.0;15.0;15.0;15.0;2.0;2.0
19.459;138;298.28912353515625;45.63830308526998;11.996023178100586;0.002786848280164733;1.571735143661499;0.0;0.0;0.018517160788178444;0.0;0;15.0;15.0;15.0;15.0;2.0;2.0
19.47;139;298.42108154296875;45.63842712511351;11.996248245239258;0.003977033827039733;1.5717352628707886;0.0;0.0;0.027514532208442688;0.0;0;15.0;15.0;15.0;15.0;2.0;2.0
19.481;140;298.55303955078125;45.63855122491461;11.996729850769043;0.003977033827039733;1.5717353820800781;0.0;0.0;0.027514532208442688;0.0;0;15.0;15.0;15.0;15.0;2.0;2.0
19.492;141;298.6850280761719;45.638675318969455;11.997211456298828;0.003977033827039733;1.5717353820800781;0.0;0.0;0.027514532208442688;0.0;0;15.0;15.0;15.0;15.0;2.0;2.0
19.503;142;298.8169860839844;45.63879930104322;11.9970121383667;0.0027887556287975457;1.5717353820800781;0.0;0.0;0.01851731725037098;0.0;0;15.0;15.0;15.0;15.0;2.0;2.0
19.514;143;298.9489440917969;45.638923187786546;11.99655532836914;0.0027887556287975457;1.5717353820800781;0.0;0.0;0.01851731725037098;0.0;0;15.0;15.0;15.0;15.0;2.0;2.0
19.525;144;299.0809020996094;45.63904708849511;11.996099472045898;0.0034448835584850457;1.5717353820800781;0.0;0.0;0.021953407675027847;0.0;0;15.0;15.0;15.0;15.0;2.0;2.0
19.536;145;299.2128601074219;45.639171027190436;11.99608325958252;0.0034448835584850457;1.5717352628707886;0.0;0.0;0.021953407675027847;0.0;0;15.0;15.0;15.0;15.0;2.0;2.0
19.547;146;299.3448181152344;45.639294934710264;11.99606704711914;0.0034448835584850457;1.5717352628707886;0.0;0.0;0.021953407675027847;0.0;0;15.0;15.0;15.0;15.0;2.0;2.0
19.558;147;299.4767761230469;45.639418828063185;11.996050834655762;0.0034448835584850457;1.5717352628707886;0.0;0.0;0.021953407675027847;0.0;0;15.0;15.0;15.0;15.0;2.0;2.0
19.569;148;299.6087341308594;45.63954279722184;11.99636459350586;0.003949377271863952;1.5717352628707886;0.0;0.0;0.028017107397317886;0.0;0;15.0;15.0;15.0;15.0;2.0;2.0
19.58;149;299.7406921386719;45.639666834583245;11.996868133544922;0.003949377271863952;1.5717352628707886;0.0;0.0;0.028017107397317886;0.0;0;15.0;15.0;15.0;15.0;2.0;2.0
19.591;150;299.8726806640625;45.63979083173639;11.997370719909668;0.003949377271863952;1.5717352628707886;0.0;0.0;0.028017107397317886;0.0;0;15.0;15.0;15.0;15.0;2.0;2.0
19.602;151;300.004638671875;45.63991477121203;11.99720573425293;0.002629492017957702;1.5717353820800781;0.0;0.0;0.017803622409701347;0.0;0;15.0;15.0;15.0;15.0;2.0;2.0
19.613;152;300.1365966796875;45.64003873803045;11.996658325195312;0.002629492017957702;1.5717353820800781;0.0;0.0;0.017803622409701347;0.0;0;15.0;15.0;15.0;15.0;2.0;2.0
19.624;153;300.2685852050781;45.64016272331611;11.996110916137695;0.002629492017957702;1.5717353820800781;0.0;0.0;0.017803622409701347;0.0;0;15.0;15.0;15.0;15.0;2.0;2.0
19.634;154;300.4005432128906;45.64028667250203;11.99609661102295;0.003889295789930358;1.5717352628707886;0.0;0.0;0.026362374424934387;0.0;0;15.0;15.0;15.0;15.0;2.0;2.0
19.646;155;300.5325012207031;45.640410570269154;11.996529579162598;0.003889295789930358;1.5717353820800781;0.0;0.0;0.026362374424934387;0.0;0;15.0;15.0;15.0;15.0;2.0;2.0
19.657;156;300.6644592285156;45.64053449581481;11.99696159362793;0.003889295789930358;1.5717353820800781;0.0;0.0;0.026362374424934387;0.0;0;15.0;15.0;15.0;15.0;2.0;2.0
19.668;157;300.7964172363281;45.64065849335481;11.99704360961914;0.003038618299695983;1.5717352628707886;0.0;0.0;0.02042325586080551;0.0;0;15.0;15.0;15.0;15.0;2.0;2.0
19.679;158;300.9283752441406;45.64078247866926;11.996830940246582;0.003038618299695983;1.5717352628707886;0.0;0.0;0.02042325586080551;0.0;0;15.0;15.0;15.0;15.0;2.0;2.0
19.69;159;301.06036376953125;45.640906404568284;11.99661922454834;0.003038618299695983;1.5717353820800781;0.0;0.0;0.02042325586080551;0.0;0;15.0;15.0;15.0;15.0;2.0;2.0
19.701;160;301.19232177734375;45.641030341959414;11.99657154083252;0.003380987379285827;1.5717353820800781;0.0;0.0;0.021993329748511314;0.0;0;15.0;15.0;15.0;15.0;2.0;2.0
19.712;161;301.32427978515625;45.64115434613206;11.996560096740723;0.003380987379285827;1.5717353820800781;0.0;0.0;0.021993329748511314;0.0;0;15.0;15.0;15.0;15.0;2.0;2.0
19.722;162;301.45623779296875;45.641278335779084;11.996549606323242;0.003380987379285827;1.5717352628707886;0.0;0.0;0.021993329748511314;0.0;0;15.0;15.0;15.0;15.0;2.0;2.0
19.734;163;301.58819580078125;45.64140225631151;11.996695518493652;0.003450605604383483;1.5717353820800781;0.0;0.0;0.023923464119434357;0.0;0;15.0;15.0;15.0;15.0;2.0;2.0
19.745;164;301.72015380859375;45.6415261817628;11.996932029724121;0.003450605604383483;1.5717353820800781;0.0;0.0;0.023923464119434357;0.0;0;15.0;15.0;15.0;15.0;2.0;2.0
19.756;165;301.8521423339844;45.64165017935946;11.99716854095459;0.003450605604383483;1.5717353820800781;0.0;0.0;0.023923464119434357;0.0;0;15.0;15.0;15.0;15.0;2.0;2.0
19.767;166;301.9841003417969;45.641774170676506;11.997106552124023;0.002831670973035827;1.5717352628707886;0.0;0.0;0.0196505319327116;0.0;0;15.0;15.0;15.0;15.0;2.0;2.0
19.775;167;302.1160583496094;45.64189810901738;11.996794700622559;0.002831670973035827;1.5717353820800781;0.0;0.0;0.0196505319327116;0.0;0;15.0;15.0;15.0;15.0;2.0;2.0
19.789;168;302.248046875;45.64202202963086;11.996484756469727;0.002831670973035827;1.5717353820800781;0.0;0.0;0.0196505319327116;0.0;0;15.0;15.0;15.0;15.0;2.0;2.0
19.8;169;302.3800048828125;45.64214600646781;11.996476173400879;0.003515455457899108;1.5717353820800781;0.0;0.0;0.023990033194422722;0.0;0;15.0;15.0;15.0;15.0;2.0;2.0
19.811;170;302.511962890625;45.64227000322735;11.996721267700195;0.003515455457899108;1.5717352628707886;0.0;0.0;0.023990033194422722;0.0;0;15.0;15.0;15.0;15.0;2.0;2.0
19.822;171;302.6439208984375;45.64239394588542;11.996965408325195;0.003515455457899108;1.5717353820800781;0.0;0.0;0.023990033194422722;0.0;0;15.0;15.0;15.0;15.0;2.0;2.0
19.833;172;302.7759094238281;45.642517866218526;11.997109413146973;0.003034803602430358;1.5717353820800781;0.0;0.0;0.021083218976855278;0.0;0;15.0;15.0;15.0;15.0;2.0;2.0
19.844;173;302.9078674316406;45.64264184485718;11.996981620788574;0.003034803602430358;1.5717353820800781;0.0;0.0;0.021083218976855278;0.0;0;15.0;15.0;15.0;15.0;2.0;2.0
19.855;174;303.0398254394531;45.64276584834942;11.996853828430176;0.003034803602430358;1.5717352628707886;0.0;0.0;0.021083218976855278;0.0;0;15.0;15.0;15.0;15.0;2.0;2.0
19.866;175;303.1717834472656;45.64288979468988;11.996734619140625;0.0031463834974498894;1.5717353820800781;0.0;0.0;0.021455509588122368;0.0;0;15.0;15.0;15.0;15.0;2.0;2.0
19.877;176;303.30377197265625;45.64301370883882;11.996655464172363;0.0031463834974498894;1.5717353820800781;0.0;0.0;0.021455509588122368;0.0;0;15.0;15.0;15.0;15.0;2.0;2.0
19.888;177;303.43572998046875;45.64313768143279;11.996575355529785;0.0031463834974498894;1.5717353820800781;0.0;0.0;0.021455509588122368;0.0;0;15.0;15.0;15.0;15.0;2.0;2.0
19.899;178;303.56768798828125;45.64326168785301;11.996514320373535;0.0034248563978405144;1.5717352628707886;0.0;0.0;0.022001780569553375;0.0;0;15.0;15.0;15.0;15.0;2.0;2.0
19.91;179;303.69964599609375;45.64338563898902;11.996504783630371;0.0034248563978405144;1.5717353820800781;0.0;0.0;0.022001780569553375;0.0;0;15.0;15.0;15.0;15.0;2.0;2.0
19.921;180;303.83160400390625;45.64350954967108;11.996495246887207;0.0034248563978405144;1.5717353820800781;0.0;0.0;0.022001780569553375;0.0;0;15.0;15.0;15.0;15.0;2.0;2.0
19.932;181;303.96356201171875;45.64363352077777;11.996533393859863;0.0035049650404186394;1.5717353820800781;0.0;0.0;0.023391518741846085;0.0;0;15.0;15.0;15.0;15.0;2.0;2.0
19.943;182;304.09552001953125;45.643757516504294;11.996702194213867;0.0035049650404186394;1.5717353820800781;0.0;0.0;0.023391518741846085;0.0;0;15.0;15.0;15.0;15.0;2.0;2.0
19.954;183;304.2275085449219;45.64388148097567;11.996870040893555;0.0035049650404186394;1.5717353820800781;0.0;0.0;0.023391518741846085;0.0;0;15.0;15.0;15.0;15.0;2.0;2.0
19.965;184;304.3594665527344;45.644005400499935;11.996959686279297;0.003130171034070983;1.5717353820800781;0.0;0.0;0.02114449068903923;0.0;0;15.0;15.0;15.0;15.0;2.0;2.0
19.976;185;304.4914245605469;45.644129350775174;11.99683952331543;0.003130171034070983;1.5717353820800781;0.0;0.0;0.02114449068903923;0.0;0;15.0;15.0;15.0;15.0;2.0;2.0
19.987;186;304.6233825683594;45.644253351871704;11.996720314025879;0.003130171034070983;1.5717353820800781;0.0;0.0;0.02114449068903923;0.0;0;15.0;15.0;15.0;15.0;2.0;2.0
19.998;187;304.75537109375;45.644377216086326;11.996624946594238;0.0032798979017467644;1.5717355012893677;0.011936620818239234;0.00020833333484037423;0.022214028984308243;0.0;0;15.0;15.0;15.0;15.0;2.0;2.0
20.009;188;304.8873291015625;45.64448550868007;11.996651649475098;0.0032798979017467644;1.571724772453308;0.011936620818239234;0.00020833333484037423;0.022214028984308243;0.0;0;15.0;15.0;15.0;15.0;2.0;2.0
20.02;189;305.019287109375;45.64456177375723;11.99662971496582;0.0032798979017467644;1.5716930627822876;0.011936620818239234;0.00020833333484037423;0.022214028984308243;0.0;0;15.0;15.0;15.0;15.0;2.0;2.0
20.031;190;305.1512451171875;45.64460575881146;11.996674537658691;0.003370496961805358;1.571642518043518;0.0;0.0;0.022028550505638123;0.0;0;15.0;15.0;15.0;15.0;2.0;2.0
20.042;191;305.283203125;45.6446373295902;11.996633529663086;0.003370496961805358;1.5715892314910889;0.0;0.0;0.022028550505638123;0.0;0;15.0;15.0;15.0;15.0;2.0;2.0
20.053;192;305.4151916503906;45.64467547477515;11.996626853942871;0.003370496961805358;1.5715465545654297;0.0;0.0;0.022028550505638123;0.0;0;15.0;15.0;15.0;15.0;2.0;2.0
20.064;193;305.5471496582031;45.644724085553165;11.996641159057617;0.003373357984754577;1.571514368057251;0.0;0.0;0.02271324023604393;0.0;0;15.0;15.0;15.0;15.0;2.0;2.0
20.075;194;305.6791076660156;45.64478258982463;11.996722221374512;0.003373357984754577;1.5714908838272095;0.0;0.0;0.02271324023604393;0.0;0;15.0;15.0;15.0;15.0;2.0;2.0
20.086;195;305.8110656738281;45.6448488422693;11.996803283691406;0.003373357984754577;1.5714740753173828;0.0;0.0;0.02271324023604393;0.0;0;15.0;15.0;15.0;15.0;2.0;2.0
20.097;196;305.9430236816406;45.6449207858554;11.996866226196289;0.0031969282362194207;1.571462631225586;0.0;0.0;0.02173524722456932;0.0;0;15.0;15.0;15.0;15.0;2.0;2.0
20.108;197;306.07501220703125;45.64499693228243;11.996822357177734;0.0031969282362194207;1.5714548826217651;0.0;0.0;0.02173524722456932;0.0;0;15.0;15.0;15.0;15.0;2.0;2.0
20.119;198;306.20697021484375;45.64507615376282;11.99677848815918;0.0031969282362194207;1.5714497566223145;0.0;0.0;0.02173524722456932;0.0;0;15.0;15.0;15.0;15.0;2.0;2.0
20.13;199;306.33892822265625;45.64515749683011;11.996699333190918;0.003221723768445983;1.5714465379714966;0.0;0.0;0.020911933854222298;0.0;0;15.0;15.0;15.0;15.0;2.0;2.0
20.141;200;306.47088623046875;45.645240213768226;11.996550559997559;0.003221723768445983;1.5714445114135742;0.0;0.0;0.020911933854222298;0.0;0;15.0;15.0;15.0;15.0;2.0;2.0
20.152;201;306.60284423828125;45.645323844459654;11.996400833129883;0.003221723768445983;1.5714433193206787;0.0;0.0;0.020911933854222298;0.0;0;15.0;15.0;15.0;15.0;2.0;2.0
20.163;202;306.73480224609375;45.64540867628612;11.996435165405273;0.003599378797742858;1.571442723274231;-0.011936620818239234;-0.00020833333484037423;0.02433707006275654;0.0;0;15.0;15.0;15.0;15.0;2.0;2.0
20.174;203;306.8667907714844;45.64550619432141;11.996723175048828;0.003599378797742858;1.571451187133789;-0.011936620818239234;-0.00020833333484037423;0.02433707006275654;0.0;0;15.0;15.0;15.0;15.0;2.0;2.0
20.185;204;306.9987487792969;45.645621372668515;11.997010231018066;0.003599378797742858;1.571470856666565;-0.011936620818239234;-0.00020833333484037423;0.02433707006275654;0.0;0;15.0;15.0;15.0;15.0;2.0;2.0
20.196;205;307.1307067871094;45.64575322977925;11.997279167175293;0.0029899809095592644;1.5714999437332153;0.0;0.0;0.021404486149549484;0.0;0;15.0;15.0;15.0;15.0;2.0;2.0
20.207;206;307.2626953125;45.64589244804045;11.997223854064941;0.0029899809095592644;1.5715303421020508;0.0;0.0;0.021404486149549484;0.0;0;15.0;15.0;15.0;15.0;2.0;2.0
20.218;207;307.3946533203125;45.646022129277156;11.997103691101074;0.0029899809095592644;1.5715513229370117;0.0;0.0;0.021404486149549484;0.0;0;15.0;15.0;15.0;15.0;2.0;2.0
20.229;208;307.526611328125;45.646136490661306;11.99692153930664;0.002896520826551452;1.571560025215149;0.0;0.0;0.018646540120244026;0.0;0;15.0;15.0;15.0;15.0;2.0;2.0
20.24;209;307.6585998535156;45.64623487936074;11.996460914611816;0.002896520826551452;1.5715577602386475;0.0;0.0;0.018646540120244026;0.0;0;15.0;15.0;15.0;15.0;2.0;2.0
20.251;210;307.7905578613281;45.64632052320668;11.996042251586914;0.002896520826551452;1.5715477466583252;0.0;0.0;0.018646540120244026;0.0;0;15.0;15.0;15.0;15.0;2.0;2.0
20.262;211;307.9224853515625;45.646401001600594;11.995580673217773;0.003957960340711608;1.571535348892212;0.0;0.0;0.02763451263308525;0.0;0;15.0;15.0;15.0;15.0;2.0;2.0
20.273;212;308.054443359375;45.646481710014335;11.996172904968262;0.003957960340711608;1.5715245008468628;0.0;0.0;0.02763451263308525;0.0;0;15.0;15.0;15.0;15.0;2.0;2.0
20.284;213;308.1864013671875;45.6465653054374;11.996606826782227;0.003957960340711608;1.5715166330337524;0.0;0.0;0.02763451263308525;0.0;0;15.0;15.0;15.0;15.0;2.0;2.0
20.295;214;308.3183898925781;45.64665286075394;11.997093200683594;0.003957960340711608;1.57151198387146;0.0;0.0;0.02763451263308525;0.0;0;15.0;15.0;15.0;15.0;2.0;2.0
20.306;215;308.4503479003906;45.64674267359582;11.997349739074707;0.0029070112440319207;1.5715088844299316;0.0;0.0;0.02156709134578705;0.0;0;15.0;15.0;15.0;15.0;2.0;2.0
20.317;216;308.58233642578125;45.64683370451434;11.997284889221191;0.0029070112440319207;1.5715067386627197;0.0;0.0;0.02156709134578705;0.0;0;15.0;15.0;15.0;15.0;2.0;2.0
20.328;217;308.71429443359375;45.64692544490745;11.997176170349121;0.0027153227064342644;1.5715054273605347;0.0;0.0;0.015863560140132904;0.0;0;15.0;15.0;15.0;15.0;2.0;2.0
20.339;218;308.84625244140625;45.64701787853707;11.996390342712402;0.0027153227064342644;1.5715045928955078;0.0;0.0;0.015863560140132904;0.0;0;15.0;15.0;15.0;15.0;2.0;2.0
20.35;219;308.97821044921875;45.64711110542627;11.995589256286621;0.0027153227064342644;1.5715044736862183;0.0;0.0;0.015863560140132904;0.0;0;15.0;15.0;15.0;15.0;2.0;2.0
20.361;220;309.11016845703125;45.64720491338847;11.994919776916504;0.004410955641004577;1.5715043544769287;-0.011936620818239234;-0.00020833333484037423;0.029724860563874245;0.0;0;15.0;15.0;15.0;15.0;2.0;2.0
20.372;221;309.2420959472656;45.64731027921703;11.99549388885498;0.004410955641004577;1.5715125799179077;-0.011936620818239234;-0.00020833333484037423;0.029724860563874245;0.0;0;15.0;15.0;15.0;15.0;2.0;2.0
20.383;222;309.3740539550781;45.64744645456632;11.996012687683105;0.004410955641004577;1.5715411901474;-0.011936620818239234;-0.00020833333484037423;0.029724860563874245;0.0;0;15.0;15.0;15.0;15.0;2.0;2.0
20.394;223;309.5060119628906;45.647615060315225;11.996570587158203;0.003987524244520202;1.5715893507003784;0.011936620818239234;0.00020833333484037423;0.026393968611955643;0.0;0;15.0;15.0;15.0;15.0;2.0;2.0
20.405;224;309.63800048828125;45.64778806423423;11.99699878692627;0.003987524244520202;1.571634292602539;0.011936620818239234;0.00020833333484037423;0.026393968611955643;0.0;0;15.0;15.0;15.0;15.0;2.0;2.0
20.417;225;309.76995849609375;45.64793704594002;11.997427940368652;0.003987524244520202;1.5716578960418701;0.011936620818239234;0.00020833333484037423;0.026393968611955643;0.0;0;15.0;15.0;15.0;15.0;2.0;2.0
20.427;226;309.90191650390625;45.64805917890708;11.997857093811035;0.002572271558973327;1.5716615915298462;0.011936620818239234;0.00020833333484037423;0.026393968611955643;0.0;0;15.0;15.0;15.0;15.0;2.0;2.0
20.438;227;310.0339050292969;45.648155932346185;11.997469902038574;0.002572271558973327;1.5716493129730225;0.011936620818239234;0.00020833333484037423;0.01815243624150753;0.0;0;15.0;15.0;15.0;15.0;2.0;2.0
20.449;228;310.1658630371094;45.64822971191682;11.996964454650879;0.002572271558973327;1.57162344455719;0.011936620818239234;0.00020833333484037423;0.01815243624150753;0.0;0;15.0;15.0;15.0;15.0;2.0;2.0
20.46;229;310.2978515625;45.64828405459712;11.99647331237793;0.0030357572767467644;1.571587085723877;0.011936620818239234;0.00020833333484037423;0.01986774243414402;0.0;0;15.0;15.0;15.0;15.0;2.0;2.0
20.471;230;310.4298095703125;45.648322550049706;11.99618911743164;0.0030357572767467644;1.5715434551239014;0.011936620818239234;0.00020833333484037423;0.01986774243414402;0.0;0;15.0;15.0;15.0;15.0;2.0;2.0
20.482;231;310.561767578125;45.64834836177967;11.995904922485352;0.0030357572767467644;1.5714954137802124;0.011936620818239234;0.00020833333484037423;0.01986774243414402;0.0;0;15.0;15.0;15.0;15.0;2.0;2.0
20.493;232;310.6937255859375;45.64836360647773;11.995621681213379;0.004095289442274108;1.5714445114135742;0.0;0.0;0.028127022087574005;0.0;0;15.0;15.0;15.0;15.0;2.0;2.0
20.504;233;310.8256530761719;45.64837516680322;11.996100425720215;0.004095289442274108;1.5713956356048584;0.0;0.0;0.028127022087574005;0.0;0;15.0;15.0;15.0;15.0;2.0;2.0
20.515;234;310.9576416015625;45.64839608807108;11.99660873413086;0.004095289442274108;1.5713579654693604;0.0;0.0;0.028127022087574005;0.0;0;15.0;15.0;15.0;15.0;2.0;2.0
20.526;235;311.089599609375;45.64842740923831;11.997116088867188;0.004095289442274108;1.5713303089141846;0.0;0.0;0.028127022087574005;0.0;0;15.0;15.0;15.0;15.0;2.0;2.0
20.537;236;311.2215576171875;45.648467809269654;11.9970121383667;0.0028841230604381707;1.5713107585906982;0.0;0.0;0.019934015348553658;0.0;0;15.0;15.0;15.0;15.0;2.0;2.0
20.548000000000002;237;311.353515625;45.6485153462118;11.996737480163574;0.0028841230604381707;1.5712974071502686;0.0;0.0;0.019934015348553658;0.0;0;15.0;15.0;15.0;15.0;2.0;2.0
20.559;238;311.4855041503906;45.64856808839664;11.99646282196045;0.003262731764051452;1.5712887048721313;0.0;0.0;0.019934015348553658;0.0;0;15.0;15.0;15.0;15.0;2.0;2.0
20.57;239;311.6174621582031;45.64862455934415;11.996393203735352;0.003262731764051452;1.5712831020355225;0.0;0.0;0.021769989281892776;0.0;0;15.0;15.0;15.0;15.0;2.0;2.0
20.581;240;311.7494201660156;45.64868354186347;11.996354103088379;0.003262731764051452;1.571279525756836;0.0;0.0;0.021769989281892776;0.0;0;15.0;15.0;15.0;15.0;2.0;2.0
20.592;241;311.8813781738281;45.64874410697448;11.996315002441406;0.003262731764051452;1.571277379989624;0.0;0.0;0.021769989281892776;0.0;0;15.0;15.0;15.0;15.0;2.0;2.0
20.603;242;312.0133361816406;45.64880568625681;11.99658203125;0.0036852094862194207;1.5712761878967285;0.0;0.0;0.02566544897854328;0.0;0;15.0;15.0;15.0;15.0;2.0;2.0
20.613;243;312.1452941894531;45.64886797228647;11.996983528137207;0.0036852094862194207;1.5712754726409912;0.0;0.0;0.02566544897854328;0.0;0;15.0;15.0;15.0;15.0;2.0;2.0
20.625;244;312.27728271484375;45.64893069682593;11.997386932373047;0.0036852094862194207;1.571274995803833;0.0;0.0;0.02566544897854328;0.0;0;15.0;15.0;15.0;15.0;2.0;2.0
20.636;245;312.40924072265625;45.648995317643156;11.997225761413574;0.0026132795545787957;1.5712759494781494;-0.011936620818239234;-0.00020833333484037423;0.017935512587428093;0.0;0;15.0;15.0;15.0;15.0;2.0;2.0
20.647;246;312.54119873046875;45.649075494811335;11.996694564819336;0.0026132795545787957;1.5712875127792358;-0.011936620818239234;-0.00020833333484037423;0.017935512587428093;0.0;0;15.0;15.0;15.0;15.0;2.0;2.0
20.658;247;312.67315673828125;45.64917460058566;11.996161460876465;0.0026132795545787957;1.5713109970092773;-0.011936620818239234;-0.00020833333484037423;0.017935512587428093;0.0;0;15.0;15.0;15.0;15.0;2.0;2.0
20.669;248;312.80511474609375;45.64928633019429;11.996259689331055;0.003838751051160827;1.5713404417037964;0.011936620818239234;0.00020833333484037423;0.02512643299996853;0.0;0;15.0;15.0;15.0;15.0;2.0;2.0
20.68;249;312.93707275390625;45.64938141282607;11.996637344360352;0.003838751051160827;1.571354866027832;0.011936620818239234;0.00020833333484037423;0.02512643299996853;0.0;0;15.0;15.0;15.0;15.0;2.0;2.0
20.691;250;313.0690612792969;45.649453077587665;11.9970121383667;0.003838751051160827;1.5713520050048828;0.011936620818239234;0.00020833333484037423;0.02512643299996853;0.0;0;15.0;15.0;15.0;15.0;2.0;2.0
20.701999999999998;251;313.2010192871094;45.64950571380539;11.996886253356934;0.002988073560926452;1.5713374614715576;0.0;0.0;0.020003382116556168;0.0;0;15.0;15.0;15.0;15.0;2.0;2.0
20.714;252;313.3329772949219;45.64955528551072;11.996622085571289;0.002988073560926452;1.571323275566101;0.0;0.0;0.020003382116556168;0.0;0;15.0;15.0;15.0;15.0;2.0;2.0
20.724;253;313.4649353027344;45.6496066105399;11.996355056762695;0.002988073560926452;1.5713119506835938;0.0;0.0;0.020003382116556168;0.0;0;15.0;15.0;15.0;15.0;2.0;2.0
20.735;254;313.5968933105469;45.64966086006384;11.996426582336426;0.003645155164930358;1.571303129196167;0.0;0.0;0.02552415244281292;0.0;0;15.0;15.0;15.0;15.0;2.0;2.0
20.746;255;313.7288818359375;45.64971774134277;11.99682331085205;0.003645155164930358;1.5712966918945312;0.0;0.0;0.02552415244281292;0.0;0;15.0;15.0;15.0;15.0;2.0;2.0
20.757;256;313.86083984375;45.649776672483796;11.997220039367676;0.003645155164930358;1.5712919235229492;0.0;0.0;0.02552415244281292;0.0;0;15.0;15.0;15.0;15.0;2.0;2.0
20.768;257;313.9927978515625;45.64983711672045;11.997076034545898;0.0027801725599498894;1.5712885856628418;0.0;0.0;0.018145227804780006;0.0;0;15.0;15.0;15.0;15.0;2.0;2.0
20.779;258;314.1247863769531;45.649898725268805;11.99657154083252;0.0027801725599498894;1.5712863206863403;0.0;0.0;0.018145227804780006;0.0;0;15.0;15.0;15.0;15.0;2.0;2.0
20.79;259;314.2567443847656;45.64996125016625;11.996068000793457;0.0027801725599498894;1.5712850093841553;0.0;0.0;0.018145227804780006;0.0;0;15.0;15.0;15.0;15.0;2.0;2.0
20.801;260;314.3887023925781;45.650022066780636;11.996192932128906;0.003932211134168639;1.5712825059890747;0.011936620818239234;0.00020833333484037423;0.025780802592635155;0.0;0;15.0;15.0;15.0;15.0;2.0;2.0
20.812;261;314.5206604003906;45.65006767197037;11.996599197387695;0.003932211134168639;1.5712697505950928;0.011936620818239234;0.00020833333484037423;0.025780802592635155;0.0;0;15.0;15.0;15.0;15.0;2.0;2.0
20.823;262;314.6526184082031;45.65009557507253;11.997004508972168;0.003932211134168639;1.5712461471557617;0.011936620818239234;0.00020833333484037423;0.025780802592635155;0.0;0;15.0;15.0;15.0;15.0;2.0;2.0
20.834;263;314.7845764160156;45.65010908953927;11.997097969055176;0.002995702955457702;1.571215271949768;-0.011936620818239234;-0.00020833333484037423;0.02048191986978054;0.0;0;15.0;15.0;15.0;15.0;2.0;2.0
20.845;264;314.91656494140625;45.65013559528909;11.996891975402832;0.002995702955457702;1.5711969137191772;-0.011936620818239234;-0.00020833333484037423;0.02048191986978054;0.0;0;15.0;15.0;15.0;15.0;2.0;2.0
20.856;265;315.04852294921875;45.65018560516399;11.996683120727539;0.002995702955457702;1.571196436882019;-0.011936620818239234;-0.00020833333484037423;0.02048191986978054;0.0;0;15.0;15.0;15.0;15.0;2.0;2.0
20.866;266;315.18048095703125;45.65025833010256;11.996598243713379;0.003317091200086608;1.5712106227874756;-0.011936620818239234;-0.00020833333484037423;0.023343920707702637;0.0;0;15.0;15.0;15.0;15.0;2.0;2.0
20.878;267;315.31243896484375;45.65035059285447;11.996758460998535;0.003317091200086608;1.5712357759475708;-0.011936620818239234;-0.00020833333484037423;0.023343920707702637;0.0;0;15.0;15.0;15.0;15.0;2.0;2.0
20.889;268;315.44439697265625;45.65045907959122;11.996920585632324;0.003317091200086608;1.5712690353393555;-0.011936620818239234;-0.00020833333484037423;0.023343920707702637;0.0;0;15.0;15.0;15.0;15.0;2.0;2.0
20.9;269;315.5763854980469;45.650581269930015;11.997048377990723;0.003079626295301452;1.5713087320327759;0.0;0.0;0.021529817953705788;0.0;0;15.0;15.0;15.0;15.0;2.0;2.0
20.911;270;315.7083435058594;45.650706691212726;11.996976852416992;0.003079626295301452;1.571346640586853;0.0;0.0;0.021529817953705788;0.0;0;15.0;15.0;15.0;15.0;2.0;2.0
20.922;271;315.8403015136719;45.650824097702575;11.996906280517578;0.003079626295301452;1.5713754892349243;0.0;0.0;0.021529817953705788;0.0;0;15.0;15.0;15.0;15.0;2.0;2.0
20.933;272;315.9722900390625;45.650932503930214;11.996670722961426;0.0030939314100475457;1.571395993232727;0.0;0.0;0.01901666820049286;0.0;0;15.0;15.0;15.0;15.0;2.0;2.0
20.944;273;316.104248046875;45.6510326676861;11.996277809143066;0.0030939314100475457;1.5714094638824463;0.0;0.0;0.01901666820049286;0.0;0;15.0;15.0;15.0;15.0;2.0;2.0
20.955;274;316.2362060546875;45.65112645662653;11.995885848999023;0.0030939314100475457;1.5714179277420044;0.0;0.0;0.01901666820049286;0.0;0;15.0;15.0;15.0;15.0;2.0;2.0
20.966;275;316.3681335449219;45.6512157432278;11.995872497558594;0.004114362928602233;1.5714226961135864;0.0;0.0;0.028239240869879723;0.0;0;15.0;15.0;15.0;15.0;2.0;2.0
20.977;276;316.5000915527344;45.651302255788636;11.996384620666504;0.004114362928602233;1.571425199508667;0.0;0.0;0.028239240869879723;0.0;0;15.0;15.0;15.0;15.0;2.0;2.0
20.988;277;316.632080078125;45.65138716103035;11.99689769744873;0.004114362928602233;1.5714263916015625;0.0;0.0;0.028239240869879723;0.0;0;15.0;15.0;15.0;15.0;2.0;2.0
20.999;278;316.7640380859375;45.65147109855688;11.997044563293457;0.003102514478895202;1.5714268684387207;0.0;0.0;0.020414352416992188;0.0;0;15.0;15.0;15.0;15.0;2.0;2.0
21.01;279;316.89599609375;45.651554491919065;11.996828079223633;0.003102514478895202;1.5714269876480103;0.0;0.0;0.020414352416992188;0.0;0;15.0;15.0;15.0;15.0;2.0;2.0
21.021;280;317.0279541015625;45.65163766735576;11.996622085571289;0.003102514478895202;1.5714269876480103;0.0;0.0;0.020414352416992188;0.0;0;15.0;15.0;15.0;15.0;2.0;2.0
21.032;281;317.1599426269531;45.65172049348109;11.996520042419434;0.003378126356336608;1.5714268684387207;0.011936620818239234;0.00020833333484037423;0.023259572684764862;0.0;0;15.0;15.0;15.0;15.0;2.0;2.0
21.043;282;317.2919006347656;45.651791605693184;11.996668815612793;0.003378126356336608;1.5714185237884521;0.011936620818239234;0.00020833333484037423;0.023259572684764862;0.0;0;15.0;15.0;15.0;15.0;2.0;2.0
21.054;283;317.4238586425781;45.65184443303224;11.996818542480469;0.003378126356336608;1.5713984966278076;0.011936620818239234;0.00020833333484037423;0.023259572684764862;0.0;0;15.0;15.0;15.0;15.0;2.0;2.0
21.065;284;317.5558166503906;45.65188149117917;11.996811866760254;0.0031816694471569207;1.5713697671890259;0.0;0.0;0.02119610086083412;0.0;0;15.0;15.0;15.0;15.0;2.0;2.0
21.076;285;317.6877746582031;45.651918038541424;11.996697425842285;0.0031816694471569207;1.5713441371917725;0.0;0.0;0.02119610086083412;0.0;0;15.0;15.0;15.0;15.0;2.0;2.0
21.087;286;317.81976318359375;45.65195967051867;11.996583938598633;0.0031816694471569207;1.5713245868682861;0.0;0.0;0.02119610086083412;0.0;0;15.0;15.0;15.0;15.0;2.0;2.0
21.098;287;317.95172119140625;45.652007043345584;11.99647045135498;0.0031816694471569207;1.57131028175354;0.0;0.0;0.02119610086083412;0.0;0;15.0;15.0;15.0;15.0;2.0;2.0
21.11;288;318.08367919921875;45.652059297875525;11.996357917785645;0.0031816694471569207;1.5713001489639282;0.0;0.0;0.02119610086083412;0.0;0;15.0;15.0;15.0;15.0;2.0;2.0
21.12;289;318.21563720703125;45.65211525426981;11.996245384216309;0.0036422941419811394;1.5712931156158447;0.011936620818239234;0.00020833333484037423;0.02119610086083412;0.0;0;15.0;15.0;15.0;15.0;2.0;2.0
21.131;290;318.34759521484375;45.65217145967166;11.99674129486084;0.0036422941419811394;1.571286916732788;0.011936620818239234;0.00020833333484037423;0.034363340586423874;0.0;0;15.0;15.0;15.0;15.0;2.0;2.0
21.142;291;318.47955322265625;45.652214010676786;11.997513771057129;0.0036422941419811394;1.5712717771530151;0.011936620818239234;0.00020833333484037423;0.034363340586423874;0.0;0;15.0;15.0;15.0;15.0;2.0;2.0
21.153;292;318.6115417480469;45.65223949392153;11.997567176818848;0.0024864408704967644;1.5712465047836304;0.011936620818239234;0.00020833333484037423;0.014678392559289932;0.0;0;15.0;15.0;15.0;15.0;2.0;2.0
21.164;293;318.7434997558594;45.6522390445414;11.99661636352539;0.0024864408704967644;1.5712063312530518;0.011936620818239234;0.00020833333484037423;0.014678392559289932;0.0;0;15.0;15.0;15.0;15.0;2.0;2.0
21.175;294;318.8754577636719;45.65220853337219;11.99539566040039;0.0033838484022350457;1.5711495876312256;0.011936620818239234;0.00020833333484037423;0.012270997278392315;0.0;0;15.0;15.0;15.0;15.0;2.0;2.0
21.186;295;319.0074157714844;45.652152965621184;11.994147300720215;0.0033838484022350457;1.571081280708313;0.011936620818239234;0.00020833333484037423;0.012270997278392315;0.0;0;15.0;15.0;15.0;15.0;2.0;2.0
21.197;296;319.13934326171875;45.65207875469061;11.993193626403809;0.005852911207410827;1.571006417274475;0.0;0.0;0.037078920751810074;0.0;0;15.0;15.0;15.0;15.0;2.0;2.0
21.208;297;319.2712707519531;45.652001834442686;11.994084358215332;0.005852911207410827;1.5709378719329834;0.0;0.0;0.037078920751810074;0.0;0;15.0;15.0;15.0;15.0;2.0;2.0
21.219;298;319.4031982421875;45.65193740072255;11.994975090026855;0.005852911207410827;1.5708842277526855;0.0;0.0;0.037078920751810074;0.0;0;15.0;15.0;15.0;15.0;2.0;2.0
21.23;299;319.53515625;45.651886787478944;11.995847702026367;0.005025121900770202;1.5708444118499756;0.011936620818239234;0.00020833333484037423;0.03391940891742706;0.0;0;15.0;15.0;15.0;15.0;2.0;2.0
21.241;300;319.6671142578125;45.651839941769666;11.996602058410645;0.005025121900770202;1.570809245109558;0.011936620818239234;0.00020833333484037423;0.03391940891742706;0.0;0;15.0;15.0;15.0;15.0;2.0;2.0
21.252;301;319.799072265625;45.6517848800076;11.997356414794922;0.005025121900770202;1.5707712173461914;0.011936620818239234;0.00020833333484037423;0.03391940891742706;0.0;0;15.0;15.0;15.0;15.0;2.0;2.0
21.263;302;319.9310607910156;45.651719739066415;11.997676849365234;0.0026437971327037957;1.5707296133041382;0.0;0.0;0.01755923591554165;0.0;0;15.0;15.0;15.0;15.0;2.0;2.0
21.274;303;320.0630187988281;45.65165556904009;11.997096061706543;0.0026437971327037957;1.5706931352615356;0.0;0.0;0.01755923591554165;0.0;0;15.0;15.0;15.0;15.0;2.0;2.0
21.285;304;320.19500732421875;45.65160046192683;11.9965181350708;0.0026437971327037957;1.5706664323806763;0.0;0.0;0.01755923591554165;0.0;0;15.0;15.0;15.0;15.0;2.0;2.0
21.296;305;320.32696533203125;45.65155442294162;11.996062278747559;0.0034820768568248894;1.5706480741500854;0.0;0.0;0.024091728031635284;0.0;0;15.0;15.0;15.0;15.0;2.0;2.0
21.307;306;320.45892333984375;45.65151541396439;11.996320724487305;0.0034820768568248894;1.570635437965393;0.0;0.0;0.024091728031635284;0.0;0;15.0;15.0;15.0;15.0;2.0;2.0
21.318;307;320.59088134765625;45.651481163032976;11.996578216552734;0.0034820768568248894;1.5706267356872559;0.0;0.0;0.024091728031635284;0.0;0;15.0;15.0;15.0;15.0;2.0;2.0
21.329;308;320.72283935546875;45.65145013987633;11.996819496154785;0.0034219953748912957;1.5706210136413574;0.0;0.0;0.023226523771882057;0.0;0;15.0;15.0;15.0;15.0;2.0;2.0
21.34;309;320.85479736328125;45.65142139988027;11.996967315673828;0.0034219953748912957;1.5706173181533813;0.0;0.0;0.023226523771882057;0.0;0;15.0;15.0;15.0;15.0;2.0;2.0
21.351;310;320.9867858886719;45.65139427192106;11.997114181518555;0.0034219953748912957;1.5706149339675903;0.0;0.0;0.023226523771882057;0.0;0;15.0;15.0;15.0;15.0;2.0;2.0
21.362;311;321.1187438964844;45.6513681907162;11.997234344482422;0.002886030409070983;1.5706135034561157;0.0;0.0;0.019617436453700066;0.0;0;15.0;15.0;15.0;15.0;2.0;2.0
21.373;312;321.2507019042969;45.651342761101375;11.996920585632324;0.002886030409070983;1.5706126689910889;0.0;0.0;0.019617436453700066;0.0;0;15.0;15.0;15.0;15.0;2.0;2.0
21.384;313;321.3826904296875;45.65131780058927;11.99660587310791;0.002886030409070983;1.5706121921539307;0.0;0.0;0.019617436453700066;0.0;0;15.0;15.0;15.0;15.0;2.0;2.0
21.395;314;321.5146484375;45.65129317432721;11.996292114257812;0.0033943388197155144;1.5706119537353516;0.0;0.0;0.023206304758787155;0.0;0;15.0;15.0;15.0;15.0;2.0;2.0
21.406;315;321.6466064453125;45.651268715116856;11.996417999267578;0.0033943388197155144;1.570611834526062;0.0;0.0;0.023206304758787155;0.0;0;15.0;15.0;15.0;15.0;2.0;2.0
21.417;316;321.778564453125;45.65124428753737;11.996562957763672;0.0033943388197155144;1.5706117153167725;0.0;0.0;0.023206304758787155;0.0;0;15.0;15.0;15.0;15.0;2.0;2.0
21.428;317;321.9105224609375;45.65121988154577;11.996722221374512;0.0034372541639537957;1.5706117153167725;0.0;0.0;0.0220959410071373;0.0;0;15.0;15.0;15.0;15.0;2.0;2.0
21.439;318;322.04248046875;45.651195546726925;11.996723175048828;0.0034372541639537957;1.5706117153167725;0.0;0.0;0.0220959410071373;0.0;0;15.0;15.0;15.0;15.0;2.0;2.0
21.45;319;322.1744384765625;45.65117128483901;11.996725082397461;0.0034372541639537957;1.5706117153167725;0.0;0.0;0.0220959410071373;0.0;0;15.0;15.0;15.0;15.0;2.0;2.0
21.461;320;322.3064270019531;45.65114698648738;11.996726989746094;0.003275129530164733;1.5706117153167725;0.0;0.0;0.022460250183939934;0.0;0;15.0;15.0;15.0;15.0;2.0;2.0
21.472;321;322.4383850097656;45.65112267869014;11.99677562713623;0.003275129530164733;1.5706117153167725;0.0;0.0;0.022460250183939934;0.0;0;15.0;15.0;15.0;15.0;2.0;2.0
21.483;322;322.5703430175781;45.65109841244736;11.996825218200684;0.003275129530164733;1.570611834526062;0.0;0.0;0.022460250183939934;0.0;0;15.0;15.0;15.0;15.0;2.0;2.0
21.494;323;322.7023010253906;45.651074143963314;11.99686050415039;0.003174993726942077;1.5706117153167725;0.0;0.0;0.021299347281455994;0.0;0;15.0;15.0;15.0;15.0;2.0;2.0
21.505;324;322.83428955078125;45.6510498124337;11.996760368347168;0.003174993726942077;1.570611834526062;0.0;0.0;0.021299347281455994;0.0;0;15.0;15.0;15.0;15.0;2.0;2.0
21.516;325;322.96624755859375;45.651025463557666;11.996660232543945;0.003174993726942077;1.570611834526062;0.0;0.0;0.021299347281455994;0.0;0;15.0;15.0;15.0;15.0;2.0;2.0
21.527;326;323.09820556640625;45.65100116257382;11.996561050415039;0.003174993726942077;1.570611834526062;0.0;0.0;0.021299347281455994;0.0;0;15.0;15.0;15.0;15.0;2.0;2.0
21.538;327;323.23016357421875;45.650976880227205;11.9967679977417;0.003439161512586608;1.5706117153167725;0.0;0.0;0.025209056213498116;0.0;0;15.0;15.0;15.0;15.0;2.0;2.0
21.55;328;323.36212158203125;45.65095255062435;11.997151374816895;0.003439161512586608;1.5706117153167725;0.0;0.0;0.025209056213498116;0.0;0;15.0;15.0;15.0;15.0;2.0;2.0
21.56;329;323.4941101074219;45.650928207854335;11.997533798217773;0.003439161512586608;1.570611834526062;0.0;0.0;0.025209056213498116;0.0;0;15.0;15.0;15.0;15.0;2.0;2.0
21.571;330;323.6260681152344;45.650903915905445;11.997325897216797;0.002466413709852233;1.570611834526062;0.0;0.0;0.016599100083112717;0.0;0;15.0;15.0;15.0;15.0;2.0;2.0
21.582;331;323.758056640625;45.65087964605965;11.996623992919922;0.002466413709852233;1.5706117153167725;0.0;0.0;0.016599100083112717;0.0;0;15.0;15.0;15.0;15.0;2.0;2.0
21.593;332;323.8900146484375;45.650855323497645;11.995922088623047;0.002466413709852233;1.5706117153167725;0.0;0.0;0.016599100083112717;0.0;0;15.0;15.0;15.0;15.0;2.0;2.0
21.604;333;324.02197265625;45.65083097889913;11.996126174926758;0.004078123304578796;1.570611834526062;0.0;0.0;0.02584202028810978;0.0;0;15.0;15.0;15.0;15.0;2.0;2.0
21.615;334;324.1539306640625;45.65080668078171;11.996540069580078;0.004078123304578796;1.570611834526062;0.0;0.0;0.02584202028810978;0.0;0;15.0;15.0;15.0;15.0;2.0;2.0
21.626;335;324.285888671875;45.650782402213025;11.996949195861816;0.004078123304578796;1.5706117153167725;0.0;0.0;0.02584202028810978;0.0;0;15.0;15.0;15.0;15.0;2.0;2.0
21.637;336;324.4178466796875;45.65075807814987;11.996770858764648;0.0030510160658092644;1.5706117153167725;0.0;0.0;0.020222347229719162;0.0;0;15.0;15.0;15.0;15.0;2.0;2.0
21.648;337;324.5498046875;45.65073372816982;11.996533393859863;0.0030510160658092644;1.570611834526062;0.0;0.0;0.020222347229719162;0.0;0;15.0;15.0;15.0;15.0;2.0;2.0
21.659;338;324.6817932128906;45.65070942799854;11.996295928955078;0.0034668180677623894;1.570611834526062;0.0;0.0;0.02286154218018055;0.0;0;15.0;15.0;15.0;15.0;2.0;2.0
21.67;339;324.8137512207031;45.65068516517539;11.9963960647583;0.0034668180677623894;1.5706117153167725;0.0;0.0;0.02286154218018055;0.0;0;15.0;15.0;15.0;15.0;2.0;2.0
21.681;340;324.9457092285156;45.65066085396562;11.996496200561523;0.0034668180677623894;1.5706117153167725;0.0;0.0;0.02286154218018055;0.0;0;15.0;15.0;15.0;15.0;2.0;2.0
21.692;341;325.0776672363281;45.65063650524839;11.996596336364746;0.0034668180677623894;1.570611834526062;0.0;0.0;0.02286154218018055;0.0;0;15.0;15.0;15.0;15.0;2.0;2.0
21.703;342;325.2096252441406;45.65061220050373;11.996798515319824;0.003403875562879577;1.570611834526062;0.0;0.0;0.02396070398390293;0.0;0;15.0;15.0;15.0;15.0;2.0;2.0
21.714;343;325.3415832519531;45.650587935988106;11.997039794921875;0.003403875562879577;1.5706117153167725;0.0;0.0;0.02396070398390293;0.0;0;15.0;15.0;15.0;15.0;2.0;2.0
21.725;344;325.47357177734375;45.650563622690115;11.997281074523926;0.003403875562879577;1.5706117153167725;0.0;0.0;0.02396070398390293;0.0;0;15.0;15.0;15.0;15.0;2.0;2.0
21.736;345;325.60552978515625;45.65053926451414;11.99690055847168;0.0027191374036998894;1.570611834526062;0.0;0.0;0.01802363619208336;0.0;0;15.0;15.0;15.0;15.0;2.0;2.0
21.747;346;325.73748779296875;45.65051494943298;11.996380805969238;0.0027191374036998894;1.570611834526062;0.0;0.0;0.01802363619208336;0.0;0;15.0;15.0;15.0;15.0;2.0;2.0
21.758;347;325.86944580078125;45.650490684998;11.995861053466797;0.0027191374036998894;1.5706117153167725;0.0;0.0;0.01802363619208336;0.0;0;15.0;15.0;15.0;15.0;2.0;2.0
21.769;348;326.00140380859375;45.650466378699164;11.9962797164917;0.004139158460828796;1.5706117153167725;0.0;0.0;0.028238538652658463;0.0;0;15.0;15.0;15.0;15.0;2.0;2.0
21.78;349;326.13336181640625;45.65044202301572;11.99679183959961;0.004139158460828796;1.570611834526062;0.0;0.0;0.028238538652658463;0.0;0;15.0;15.0;15.0;15.0;2.0;2.0
21.791;350;326.2653503417969;45.65041770721327;11.99730396270752;0.004139158460828796;1.570611834526062;0.0;0.0;0.028238538652658463;0.0;0;15.0;15.0;15.0;15.0;2.0;2.0
21.802;351;326.3973083496094;45.65039344768172;11.997603416442871;0.0026962492201061394;1.570611834526062;0.0;0.0;0.01994229480624199;0.0;0;15.0;15.0;15.0;15.0;2.0;2.0
21.813;352;326.529296875;45.65036914901268;11.997328758239746;0.0026962492201061394;1.5706117153167725;0.0;0.0;0.01994229480624199;0.0;0;15.0;15.0;15.0;15.0;2.0;2.0
21.824;353;326.6612548828125;45.65034479289768;11.997055053710938;0.0026962492201061394;1.570611834526062;0.0;0.0;0.01994229480624199;0.0;0;15.0;15.0;15.0;15.0;2.0;2.0
21.835;354;326.793212890625;45.6503204767968;11.996761322021484;0.0029451582166881707;1.570611834526062;0.0;0.0;0.019514646381139755;0.0;0;15.0;15.0;15.0;15.0;2.0;2.0
21.846;355;326.9252014160156;45.65029620594003;11.99643325805664;0.0029451582166881707;1.570611834526062;0.0;0.0;0.019514646381139755;0.0;0;15.0;15.0;15.0;15.0;2.0;2.0
21.857;356;327.0571594238281;45.65027191602398;11.996105194091797;0.0029451582166881707;1.5706117153167725;0.0;0.0;0.019514646381139755;0.0;0;15.0;15.0;15.0;15.0;2.0;2.0
21.868;357;327.1890869140625;45.65024757355569;11.995918273925781;0.0038950178358287957;1.570611834526062;0.0;0.0;0.026936640962958336;0.0;0;15.0;15.0;15.0;15.0;2.0;2.0
21.879;358;327.321044921875;45.65022324012167;11.996376037597656;0.0038950178358287957;1.570611834526062;0.0;0.0;0.026936640962958336;0.0;0;15.0;15.0;15.0;15.0;2.0;2.0
21.89;359;327.4530334472656;45.65019896771352;11.996832847595215;0.0038950178358287957;1.570611834526062;0.0;0.0;0.026936640962958336;0.0;0;15.0;15.0;15.0;15.0;2.0;2.0
21.901;360;327.5849914550781;45.650174686280835;11.997178077697754;0.003167364332410827;1.5706117153167725;0.0;0.0;0.020826000720262527;0.0;0;15.0;15.0;15.0;15.0;2.0;2.0
21.912;361;327.7169494628906;45.650150341819774;11.997016906738281;0.003167364332410827;1.570611834526062;0.0;0.0;0.020826000720262527;0.0;0;15.0;15.0;15.0;15.0;2.0;2.0
21.923000000000002;362;327.84893798828125;45.65012599914784;11.996856689453125;0.003167364332410827;1.570611834526062;0.0;0.0;0.020826000720262527;0.0;0;15.0;15.0;15.0;15.0;2.0;2.0
21.934;363;327.98089599609375;45.650101722768675;11.996698379516602;0.0031435224745006707;1.570611834526062;0.0;0.0;0.020899908617138863;0.0;0;15.0;15.0;15.0;15.0;2.0;2.0
21.945;364;328.11285400390625;45.65007744637125;11.99654769897461;0.0031435224745006707;1.5706117153167725;0.0;0.0;0.020899908617138863;0.0;0;15.0;15.0;15.0;15.0;2.0;2.0
21.956;365;328.24481201171875;45.65005310609477;11.996397018432617;0.0031435224745006707;1.570611834526062;0.0;0.0;0.020899908617138863;0.0;0;15.0;15.0;15.0;15.0;2.0;2.0
21.967;366;328.37677001953125;45.65002876231389;11.996369361877441;0.003603193495008483;1.570611834526062;0.0;0.0;0.024452395737171173;0.0;0;15.0;15.0;15.0;15.0;2.0;2.0
21.978;367;328.50872802734375;45.65000448834093;11.996673583984375;0.003603193495008483;1.570611834526062;0.0;0.0;0.024452395737171173;0.0;0;15.0;15.0;15.0;15.0;2.0;2.0
21.989;368;328.6407165527344;45.64998022145778;11.996977806091309;0.003603193495008483;1.5706117153167725;0.0;0.0;0.024452395737171173;0.0;0;15.0;15.0;15.0;15.0;2.0;2.0
22.0;369;328.7726745605469;45.649955886616674;11.997282028198242;0.003022405836317077;1.570611834526062;0.0;0.0;0.021273557096719742;0.0;0;15.0;15.0;15.0;15.0;2.0;2.0
22.011;370;328.9046325683594;45.64993153783374;11.99717903137207;0.003022405836317077;1.570611834526062;0.0;0.0;0.021273557096719742;0.0;0;15.0;15.0;15.0;15.0;2.0;2.0
22.021;371;329.03662109375;45.64990726019221;11.997075080871582;0.003022405836317077;1.570611834526062;0.0;0.0;0.021273557096719742;0.0;0;15.0;15.0;15.0;15.0;2.0;2.0
22.033;372;329.1685791015625;45.64988298452612;11.996773719787598;0.0029251310560436394;1.570611834526062;0.0;0.0;0.01785074919462204;0.0;0;15.0;15.0;15.0;15.0;2.0;2.0
22.044;373;329.300537109375;45.64985866204882;11.996232032775879;0.0029251310560436394;1.570611834526062;0.0;0.0;0.01785074919462204;0.0;0;15.0;15.0;15.0;15.0;2.0;2.0
22.055;374;329.4324951171875;45.6498343119099;11.99569034576416;0.0029251310560436394;1.570611834526062;0.0;0.0;0.01785074919462204;0.0;0;15.0;15.0;15.0;15.0;2.0;2.0
22.066;375;329.564453125;45.64981001536949;11.995353698730469;0.004309866163465514;1.570611834526062;0.0;0.0;0.030163876712322235;0.0;0;15.0;15.0;15.0;15.0;2.0;2.0
22.077;376;329.6964111328125;45.64978575047287;11.995949745178223;0.004309866163465514;1.570611834526062;0.0;0.0;0.030163876712322235;0.0;0;15.0;15.0;15.0;15.0;2.0;2.0
22.088;377;329.828369140625;45.649761435934565;11.996543884277344;0.004309866163465514;1.570611834526062;0.0;0.0;0.030163876712322235;0.0;0;15.0;15.0;15.0;15.0;2.0;2.0
22.099;378;329.9603271484375;45.64973708373763;11.99705982208252;0.0034563276502819207;1.570611834526062;0.0;0.0;0.023283284157514572;0.0;0;15.0;15.0;15.0;15.0;2.0;2.0
22.11;379;330.09228515625;45.649712782416046;11.997213363647461;0.0034563276502819207;1.570611834526062;0.0;0.0;0.023283284157514572;0.0;0;15.0;15.0;15.0;15.0;2.0;2.0
22.121;380;330.2242736816406;45.64968851979134;11.997367858886719;0.0034563276502819207;1.570611834526062;0.0;0.0;0.023283284157514572;0.0;0;15.0;15.0;15.0;15.0;2.0;2.0
22.132;381;330.3562316894531;45.64966421039617;11.997319221496582;0.0026323530409069207;1.570611834526062;0.0;0.0;0.01745251566171646;0.0;0;15.0;15.0;15.0;15.0;2.0;2.0
22.143;382;330.48822021484375;45.64963985487269;11.996726036071777;0.0026323530409069207;1.570611834526062;0.0;0.0;0.01745251566171646;0.0;0;15.0;15.0;15.0;15.0;2.0;2.0
22.154;383;330.62017822265625;45.649615549577994;11.996132850646973;0.0026323530409069207;1.570611834526062;0.0;0.0;0.01745251566171646;0.0;0;15.0;15.0;15.0;15.0;2.0;2.0
22.165;384;330.75213623046875;45.649591292612705;11.995893478393555;0.0038673612806530144;1.570611834526062;0.0;0.0;0.025162987411022186;0.0;0;15.0;15.0;15.0;15.0;2.0;2.0
22.176;385;330.88409423828125;45.649566990716245;11.996275901794434;0.0038673612806530144;1.570611834526062;0.0;0.0;0.025162987411022186;0.0;0;15.0;15.0;15.0;15.0;2.0;2.0
22.187;386;331.01605224609375;45.649542635807144;11.99665641784668;0.0038673612806530144;1.570611834526062;0.0;0.0;0.025162987411022186;0.0;0;15.0;15.0;15.0;15.0;2.0;2.0
22.198;387;331.14801025390625;45.64951832555914;11.996993064880371;0.003343794080945983;1.570611834526062;0.0;0.0;0.023117877542972565;0.0;0;15.0;15.0;15.0;15.0;2.0;2.0
22.209;388;331.27996826171875;45.649494067993444;11.997125625610352;0.003343794080945983;1.570611834526062;0.0;0.0;0.023117877542972565;0.0;0;15.0;15.0;15.0;15.0;2.0;2.0
22.22;389;331.4119567871094;45.649469767207755;11.997259140014648;0.003343794080945983;1.570611834526062;0.0;0.0;0.023117877542972565;0.0;0;15.0;15.0;15.0;15.0;2.0;2.0
22.231;390;331.5439147949219;45.64944540563493;11.997344017028809;0.002741071912977233;1.570611834526062;0.0;0.0;0.01895998790860176;0.0;0;15.0;15.0;15.0;15.0;2.0;2.0
22.242;391;331.6758728027344;45.64942109070217;11.996944427490234;0.002741071912977233;1.570611834526062;0.0;0.0;0.01895998790860176;0.0;0;15.0;15.0;15.0;15.0;2.0;2.0
22.253;392;331.807861328125;45.649396818503405;11.99654483795166;0.002741071912977233;1.570611834526062;0.0;0.0;0.01895998790860176;0.0;0;15.0;15.0;15.0;15.0;2.0;2.0
22.264;393;331.9398193359375;45.64937253017415;11.996145248413086;0.002741071912977233;1.570611834526062;0.0;0.0;0.01895998790860176;0.0;0;15.0;15.0;15.0;15.0;2.0;2.0
22.275;394;332.07177734375;45.64934818486845;11.996325492858887;0.003854963514539733;1.570611834526062;0.0;0.0;0.028245234861969948;0.0;0;15.0;15.0;15.0;15.0;2.0;2.0
22.286;395;332.2037353515625;45.64932385548543;11.996838569641113;0.003854963514539733;1.570611834526062;0.0;0.0;0.028245234861969948;0.0;0;15.0;15.0;15.0;15.0;2.0;2.0
22.297;396;332.335693359375;45.649299588696;11.99735164642334;0.0031616422865123894;1.570611834526062;0.0;0.0;0.019171081483364105;0.0;0;15.0;15.0;15.0;15.0;2.0;2.0
22.308;397;332.4676818847656;45.64927531290404;11.996979713439941;0.0031616422865123894;1.570611834526062;0.0;0.0;0.019171081483364105;0.0;0;15.0;15.0;15.0;15.0;2.0;2.0
22.319;398;332.5996398925781;45.64925097040266;11.996606826782227;0.0031616422865123894;1.570611834526062;0.0;0.0;0.019171081483364105;0.0;0;15.0;15.0;15.0;15.0;2.0;2.0
22.33;399;332.7315979003906;45.64922663529057;11.996234893798828;0.0037653181287975457;1.570611834526062;0.0;0.0;0.019171081483364105;0.0;0;15.0;15.0;15.0;15.0;2.0;2.0
22.341;400;332.8635559082031;45.64920236662897;11.996562004089355;0.0037653181287975457;1.570611834526062;0.0;0.0;0.025549516081809998;0.0;0;15.0;15.0;15.0;15.0;2.0;2.0
22.352;401;332.9955139160156;45.64917809546791;11.996959686279297;0.0037653181287975457;1.570611834526062;0.0;0.0;0.025549516081809998;0.0;0;15.0;15.0;15.0;15.0;2.0;2.0
22.362;402;333.12750244140625;45.64915375260053;11.997357368469238;0.0026428434583873894;1.570611834526062;0.0;0.0;0.025549516081809998;0.0;0;15.0;15.0;15.0;15.0;2.0;2.0
22.374;403;333.25946044921875;45.64912940733089;11.996893882751465;0.0026428434583873894;1.570611834526062;0.0;0.0;0.017786482349038124;0.0;0;15.0;15.0;15.0;15.0;2.0;2.0
22.385;404;333.39141845703125;45.64910513050613;11.996343612670898;0.0026428434583873894;1.570611834526062;0.0;0.0;0.017786482349038124;0.0;0;15.0;15.0;15.0;15.0;2.0;2.0
22.396;405;333.52337646484375;45.64908085946571;11.995915412902832;0.003656599256727233;1.570611834526062;0.0;0.0;0.023034466430544853;0.0;0;15.0;15.0;15.0;15.0;2.0;2.0
22.407;406;333.65533447265625;45.64905653337739;11.996038436889648;0.003656599256727233;1.570611834526062;0.0;0.0;0.023034466430544853;0.0;0;15.0;15.0;15.0;15.0;2.0;2.0
22.418;407;333.78729248046875;45.649032185824474;11.996161460876465;0.003656599256727233;1.570611834526062;0.0;0.0;0.023034466430544853;0.0;0;15.0;15.0;15.0;15.0;2.0;2.0
22.429;408;333.91925048828125;45.64900789712139;11.996387481689453;0.003838751051160827;1.570611834526062;0.0;0.0;0.025817018002271652;0.0;0;15.0;15.0;15.0;15.0;2.0;2.0
22.44;409;334.05120849609375;45.648983639192295;11.996796607971191;0.003838751051160827;1.570611834526062;0.0;0.0;0.025817018002271652;0.0;0;15.0;15.0;15.0;15.0;2.0;2.0
22.451;410;334.1831970214844;45.64895931998979;11.99720573425293;0.003838751051160827;1.570611834526062;0.0;0.0;0.025817018002271652;0.0;0;15.0;15.0;15.0;15.0;2.0;2.0
22.462;411;334.3151550292969;45.64893496864533;11.997614860534668;0.003838751051160827;1.570611834526062;0.0;0.0;0.025817018002271652;0.0;0;15.0;15.0;15.0;15.0;2.0;2.0
22.473;412;334.4471130371094;45.64891067512574;11.997177124023438;0.002385351392957702;1.570611834526062;0.0;0.0;0.01718323491513729;0.0;0;15.0;15.0;15.0;15.0;2.0;2.0
22.484;413;334.5791015625;45.64888642004999;11.996549606323242;0.002385351392957702;1.570611834526062;0.0;0.0;0.01718323491513729;0.0;0;15.0;15.0;15.0;15.0;2.0;2.0
22.495;414;334.7110595703125;45.64886210576726;11.995922088623047;0.003450605604383483;1.570611834526062;0.0;0.0;0.022498399019241333;0.0;0;15.0;15.0;15.0;15.0;2.0;2.0
22.506;415;334.843017578125;45.64883775200209;11.995975494384766;0.003450605604383483;1.570611834526062;0.0;0.0;0.022498399019241333;0.0;0;15.0;15.0;15.0;15.0;2.0;2.0
22.517;416;334.9749755859375;45.64881345684843;11.9960298538208;0.003450605604383483;1.570611834526062;0.0;0.0;0.022498399019241333;0.0;0;15.0;15.0;15.0;15.0;2.0;2.0
22.528;417;335.10693359375;45.648789194280454;11.99608325958252;0.003450605604383483;1.570611834526062;0.0;0.0;0.022498399019241333;0.0;0;15.0;15.0;15.0;15.0;2.0;2.0
22.539;418;335.2388916015625;45.64876489539277;11.996467590332031;0.003916952345106139;1.570611834526062;0.0;0.0;0.026961198076605797;0.0;0;15.0;15.0;15.0;15.0;2.0;2.0
22.55;419;335.370849609375;45.648740544810195;11.996925354003906;0.003916952345106139;1.570611834526062;0.0;0.0;0.026961198076605797;0.0;0;15.0;15.0;15.0;15.0;2.0;2.0
22.561;420;335.5028076171875;45.64871622597149;11.997310638427734;0.0030748579237194207;1.570611834526062;0.0;0.0;0.019320711493492126;0.0;0;15.0;15.0;15.0;15.0;2.0;2.0
22.572;421;335.6347961425781;45.64869196613168;11.996956825256348;0.0030748579237194207;1.570611834526062;0.0;0.0;0.019320711493492126;0.0;0;15.0;15.0;15.0;15.0;2.0;2.0
22.583;422;335.7667541503906;45.648667673536025;11.996603965759277;0.0030748579237194207;1.570611834526062;0.0;0.0;0.019320711493492126;0.0;0;15.0;15.0;15.0;15.0;2.0;2.0
22.594;423;335.8987121582031;45.648643321539375;11.99625015258789;0.003396246168348327;1.570611834526062;0.0;0.0;0.019320711493492126;0.0;0;15.0;15.0;15.0;15.0;2.0;2.0
22.605;424;336.0306701660156;45.64861900408754;11.996410369873047;0.003396246168348327;1.570611834526062;0.0;0.0;0.023733481764793396;0.0;0;15.0;15.0;15.0;15.0;2.0;2.0
22.615;425;336.1626281738281;45.648594736605965;11.996623039245605;0.003396246168348327;1.570611834526062;0.0;0.0;0.023733481764793396;0.0;0;15.0;15.0;15.0;15.0;2.0;2.0
22.627;426;336.2945861816406;45.64857045733824;11.996834754943848;0.003377172682020202;1.570611834526062;0.0;0.0;0.022866463288664818;0.0;0;15.0;15.0;15.0;15.0;2.0;2.0
22.638;427;336.42657470703125;45.64854612219941;11.996935844421387;0.003377172682020202;1.570611834526062;0.0;0.0;0.022866463288664818;0.0;0;15.0;15.0;15.0;15.0;2.0;2.0
22.649;428;336.55853271484375;45.648521789047756;11.99703598022461;0.003377172682020202;1.570611834526062;0.0;0.0;0.022866463288664818;0.0;0;15.0;15.0;15.0;15.0;2.0;2.0
22.66;429;336.69049072265625;45.64849751948461;11.997137069702148;0.003377172682020202;1.570611834526062;0.0;0.0;0.022866463288664818;0.0;0;15.0;15.0;15.0;15.0;2.0;2.0
22.671;430;336.8224792480469;45.64847324805982;11.996831893920898;0.002863142225477233;1.570611834526062;0.0;0.0;0.019378380849957466;0.0;0;15.0;15.0;15.0;15.0;2.0;2.0
22.682;431;336.9544372558594;45.648448911450934;11.99648666381836;0.002863142225477233;1.570611834526062;0.0;0.0;0.019378380849957466;0.0;0;15.0;15.0;15.0;15.0;2.0;2.0
22.693;432;337.0863952636719;45.648424569052914;11.996140480041504;0.002863142225477233;1.570611834526062;0.0;0.0;0.019378380849957466;0.0;0;15.0;15.0;15.0;15.0;2.0;2.0
22.704;433;337.2183532714844;45.64840029455617;11.996419906616211;0.0038597318861217644;1.570611834526062;0.0;0.0;0.02605295181274414;0.0;0;15.0;15.0;15.0;15.0;2.0;2.0
22.715;434;337.3503112792969;45.648376026979356;11.99683952331543;0.0038597318861217644;1.570611834526062;0.0;0.0;0.02605295181274414;0.0;0;15.0;15.0;15.0;15.0;2.0;2.0
22.726;435;337.4822692871094;45.648351692366084;11.997258186340332;0.0038597318861217644;1.570611834526062;0.0;0.0;0.02605295181274414;0.0;0;15.0;15.0;15.0;15.0;2.0;2.0
22.737;436;337.6142578125;45.64832734487678;11.997037887573242;0.0027420255872936394;1.570611834526062;0.0;0.0;0.01848023198544979;0.0;0;15.0;15.0;15.0;15.0;2.0;2.0
22.748;437;337.7462158203125;45.648303070043006;11.996577262878418;0.0027420255872936394;1.570611834526062;0.0;0.0;0.01848023198544979;0.0;0;15.0;15.0;15.0;15.0;2.0;2.0
22.759;438;337.878173828125;45.64827879946309;11.996115684509277;0.0027420255872936394;1.570611834526062;0.0;0.0;0.01848023198544979;0.0;0;15.0;15.0;15.0;15.0;2.0;2.0
22.77;439;338.0101318359375;45.64825448340157;11.996376037597656;0.003884527418348327;1.570611834526062;0.0;0.0;0.026084687560796738;0.0;0;15.0;15.0;15.0;15.0;2.0;2.0
22.781;440;338.14208984375;45.64823014098078;11.996796607971191;0.003884527418348327;1.570611834526062;0.0;0.0;0.026084687560796738;0.0;0;15.0;15.0;15.0;15.0;2.0;2.0
22.792;441;338.2740783691406;45.648205849889;11.99721622467041;0.003884527418348327;1.570611834526062;0.0;0.0;0.026084687560796738;0.0;0;15.0;15.0;15.0;15.0;2.0;2.0
22.803;442;338.4060363769531;45.64818159001793;11.996949195861816;0.0027839872572155144;1.570611834526062;0.0;0.0;0.018792467191815376;0.0;0;15.0;15.0;15.0;15.0;2.0;2.0
22.814;443;338.5379943847656;45.648157279953594;11.996528625488281;0.0027839872572155144;1.570611834526062;0.0;0.0;0.018792467191815376;0.0;0;15.0;15.0;15.0;15.0;2.0;2.0
22.825;444;338.6699523925781;45.648132933318195;11.99610710144043;0.0034715864393444207;1.570611834526062;0.0;0.0;0.018792467191815376;0.0;0;15.0;15.0;15.0;15.0;2.0;2.0
22.836;445;338.8019104003906;45.648108636573184;11.996207237243652;0.0034715864393444207;1.570611834526062;0.0;0.0;0.023270944133400917;0.0;0;15.0;15.0;15.0;15.0;2.0;2.0
22.846;446;338.9338684082031;45.64808437755774;11.996360778808594;0.0034715864393444207;1.570611834526062;0.0;0.0;0.023270944133400917;0.0;0;15.0;15.0;15.0;15.0;2.0;2.0
22.858;447;339.0658264160156;45.64806007085021;11.996513366699219;0.0034715864393444207;1.570611834526062;0.0;0.0;0.023270944133400917;0.0;0;15.0;15.0;15.0;15.0;2.0;2.0
22.869;448;339.19781494140625;45.64803571907912;11.99669075012207;0.0034868452284069207;1.570611834526062;0.0;0.0;0.026272950693964958;0.0;0;15.0;15.0;15.0;15.0;2.0;2.0
22.88;449;339.32977294921875;45.64801141470141;11.997118949890137;0.0034868452284069207;1.570611834526062;0.0;0.0;0.026272950693964958;0.0;0;15.0;15.0;15.0;15.0;2.0;2.0
22.891;450;339.46173095703125;45.64798715586868;11.99754810333252;0.0034868452284069207;1.570611834526062;0.0;0.0;0.026272950693964958;0.0;0;15.0;15.0;15.0;15.0;2.0;2.0
22.902;451;339.5937194824219;45.64796285307754;11.997249603271484;0.0024521085951061394;1.570611834526062;0.0;0.0;0.015005241148173809;0.0;0;15.0;15.0;15.0;15.0;2.0;2.0
22.913;452;339.7256774902344;45.64793850012577;11.996342658996582;0.0024521085951061394;1.570611834526062;0.0;0.0;0.015005241148173809;0.0;0;15.0;15.0;15.0;15.0;2.0;2.0
22.924;453;339.8576354980469;45.64791419288736;11.995436668395996;0.0024521085951061394;1.570611834526062;0.0;0.0;0.015005241148173809;0.0;0;15.0;15.0;15.0;15.0;2.0;2.0
22.935;454;339.9895935058594;45.647889941271615;11.99560546875;0.004563543531629577;1.570611834526062;0.0;0.0;0.029645336791872978;0.0;0;15.0;15.0;15.0;15.0;2.0;2.0
22.945;455;340.12152099609375;45.64786564987538;11.996177673339844;0.004563543531629577;1.570611834526062;0.0;0.0;0.029645336791872978;0.0;0;15.0;15.0;15.0;15.0;2.0;2.0
22.957;456;340.2535095214844;45.647841300475065;11.996750831604004;0.004563543531629577;1.570611834526062;0.0;0.0;0.029645336791872978;0.0;0;15.0;15.0;15.0;15.0;2.0;2.0
22.968;457;340.3854675292969;45.64781699611547;11.997097969055176;0.0032493803236217644;1.570611834526062;0.0;0.0;0.022676987573504448;0.0;0;15.0;15.0;15.0;15.0;2.0;2.0
22.979;458;340.5174255371094;45.64779273196202;11.997174263000488;0.0032493803236217644;1.570611834526062;0.0;0.0;0.022676987573504448;0.0;0;15.0;15.0;15.0;15.0;2.0;2.0
22.99;459;340.6494140625;45.64776844856374;11.997251510620117;0.0032493803236217644;1.570611834526062;0.0;0.0;0.022676987573504448;0.0;0;15.0;15.0;15.0;15.0;2.0;2.0
23.001;460;340.7813720703125;45.64774410657781;11.997077941894531;0.002748701307508483;1.570611834526062;0.0;0.0;0.01837344840168953;0.0;0;15.0;15.0;15.0;15.0;2.0;2.0
23.012;461;340.913330078125;45.64771977630941;11.996603012084961;0.002748701307508483;1.570611834526062;0.0;0.0;0.01837344840168953;0.0;0;15.0;15.0;15.0;15.0;2.0;2.0
23.023;462;341.0452880859375;45.647695508233724;11.99612808227539;0.002748701307508483;1.570611834526062;0.0;0.0;0.01837344840168953;0.0;0;15.0;15.0;15.0;15.0;2.0;2.0
23.034;463;341.17724609375;45.64767123322839;11.996277809143066;0.0038721296522350457;1.570611834526062;0.0;0.0;0.025255179032683372;0.0;0;15.0;15.0;15.0;15.0;2.0;2.0
23.045;464;341.3092346191406;45.647646891455025;11.996664047241211;0.0038721296522350457;1.570611834526062;0.0;0.0;0.025255179032683372;0.0;0;15.0;15.0;15.0;15.0;2.0;2.0
23.056;465;341.4411926269531;45.64762255719297;11.997048377990723;0.0038721296522350457;1.570611834526062;0.0;0.0;0.025255179032683372;0.0;0;15.0;15.0;15.0;15.0;2.0;2.0
23.067;466;341.5731506347656;45.64759829068953;11.997163772583008;0.0029518339369030144;1.570611834526062;0.0;0.0;0.020435329526662827;0.0;0;15.0;15.0;15.0;15.0;2.0;2.0
23.078;467;341.7051086425781;45.64757402291317;11.996953010559082;0.0029518339369030144;1.570611834526062;0.0;0.0;0.020435329526662827;0.0;0;15.0;15.0;15.0;15.0;2.0;2.0
23.089;468;341.83709716796875;45.6475496850013;11.996742248535156;0.0029518339369030144;1.570611834526062;0.0;0.0;0.020435329526662827;0.0;0;15.0;15.0;15.0;15.0;2.0;2.0
23.1;469;341.96905517578125;45.64752534736809;11.996585845947266;0.0032579633924694207;1.570611834526062;0.0;0.0;0.021101178601384163;0.0;0;15.0;15.0;15.0;15.0;2.0;2.0
23.111;470;342.10101318359375;45.647501080538945;11.996460914611816;0.0032579633924694207;1.570611834526062;0.0;0.0;0.021101178601384163;0.0;0;15.0;15.0;15.0;15.0;2.0;2.0
23.122;471;342.23297119140625;45.64747681118656;11.99633502960205;0.0032579633924694207;1.570611834526062;0.0;0.0;0.021101178601384163;0.0;0;15.0;15.0;15.0;15.0;2.0;2.0
23.133;472;342.36492919921875;45.6474524908084;11.996448516845703;0.0036651823255748894;1.570611834526062;0.0;0.0;0.025579286739230156;0.0;0;15.0;15.0;15.0;15.0;2.0;2.0
23.144;473;342.49688720703125;45.647428153705;11.996847152709961;0.0036651823255748894;1.570611834526062;0.0;0.0;0.025579286739230156;0.0;0;15.0;15.0;15.0;15.0;2.0;2.0
23.155;474;342.6288757324219;45.64740386832942;11.997245788574219;0.0036651823255748894;1.570611834526062;0.0;0.0;0.025579286739230156;0.0;0;15.0;15.0;15.0;15.0;2.0;2.0
23.166;475;342.7608337402344;45.64737960734337;11.997254371643066;0.0027544233534069207;1.570611834526062;0.0;0.0;0.01847902312874794;0.0;0;15.0;15.0;15.0;15.0;2.0;2.0
23.177;476;342.8927917480469;45.64735528911148;11.996793746948242;0.0027544233534069207;1.570611834526062;0.0;0.0;0.01847902312874794;0.0;0;15.0;15.0;15.0;15.0;2.0;2.0
23.188;477;343.0247802734375;45.64733094278346;11.996332168579102;0.0027544233534069207;1.570611834526062;0.0;0.0;0.01847902312874794;0.0;0;15.0;15.0;15.0;15.0;2.0;2.0
23.199;478;343.15673828125;45.64730665057009;11.996100425720215;0.003668043348524108;1.570611834526062;0.0;0.0;0.02521233819425106;0.0;0;15.0;15.0;15.0;15.0;2.0;2.0
23.21;479;343.2886962890625;45.64728239195058;11.99648380279541;0.003668043348524108;1.570611834526062;0.0;0.0;0.02521233819425106;0.0;0;15.0;15.0;15.0;15.0;2.0;2.0
23.221;480;343.420654296875;45.64725807735663;11.996867179870605;0.003668043348524108;1.570611834526062;0.0;0.0;0.02521233819425106;0.0;0;15.0;15.0;15.0;15.0;2.0;2.0
23.232;481;343.5526123046875;45.647233730631314;11.996917724609375;0.003133032057020202;1.570611834526062;0.0;0.0;0.02029646933078766;0.0;0;15.0;15.0;15.0;15.0;2.0;2.0
23.243;482;343.6845703125;45.647209435498716;11.996688842773438;0.003133032057020202;1.570611834526062;0.0;0.0;0.02029646933078766;0.0;0;15.0;15.0;15.0;15.0;2.0;2.0
23.254;483;343.8165588378906;45.64718518351676;11.996460914611816;0.003133032057020202;1.570611834526062;0.0;0.0;0.02029646933078766;0.0;0;15.0;15.0;15.0;15.0;2.0;2.0
23.265;484;343.9485168457031;45.647160879074875;11.996427536010742;0.0035392973158092644;1.570611834526062;0.0;0.0;0.0244975034147501;0.0;0;15.0;15.0;15.0;15.0;2.0;2.0
23.276;485;344.0804748535156;45.64713653195566;11.996737480163574;0.0035392973158092644;1.570611834526062;0.0;0.0;0.0244975034147501;0.0;0;15.0;15.0;15.0;15.0;2.0;2.0
23.287;486;344.2124328613281;45.64711223455033;11.997047424316406;0.0035392973158092644;1.570611834526062;0.0;0.0;0.0244975034147501;0.0;0;15.0;15.0;15.0;15.0;2.0;2.0
23.298;487;344.3443908691406;45.64708798503183;11.997204780578613;0.0029527876112194207;1.570611834526062;0.0;0.0;0.020098883658647537;0.0;0;15.0;15.0;15.0;15.0;2.0;2.0
23.309;488;344.47637939453125;45.64706368384676;11.996950149536133;0.0029527876112194207;1.570611834526062;0.0;0.0;0.020098883658647537;0.0;0;15.0;15.0;15.0;15.0;2.0;2.0
23.32;489;344.60833740234375;45.64703933164331;11.996696472167969;0.0029527876112194207;1.570611834526062;0.0;0.0;0.020098883658647537;0.0;0;15.0;15.0;15.0;15.0;2.0;2.0
23.331;490;344.74029541015625;45.6470150306715;11.9965181350708;0.0033037397596569207;1.570611834526062;0.0;0.0;0.021384019404649734;0.0;0;15.0;15.0;15.0;15.0;2.0;2.0
23.342;491;344.87225341796875;45.64699076856353;11.996429443359375;0.0033037397596569207;1.570611834526062;0.0;0.0;0.021384019404649734;0.0;0;15.0;15.0;15.0;15.0;2.0;2.0
23.353;492;345.00421142578125;45.646966477360834;11.996339797973633;0.0033037397596569207;1.570611834526062;0.0;0.0;0.021384019404649734;0.0;0;15.0;15.0;15.0;15.0;2.0;2.0
23.364;493;345.1361999511719;45.64694213452236;11.996379852294922;0.003660413953992858;1.570611834526062;0.0;0.0;0.025219449773430824;0.0;0;15.0;15.0;15.0;15.0;2.0;2.0
23.375;494;345.2681579589844;45.6469178127919;11.996763229370117;0.003660413953992858;1.570611834526062;0.0;0.0;0.025219449773430824;0.0;0;15.0;15.0;15.0;15.0;2.0;2.0
23.386;495;345.4001159667969;45.646893553566585;11.997146606445312;0.003660413953992858;1.570611834526062;0.0;0.0;0.025219449773430824;0.0;0;15.0;15.0;15.0;15.0;2.0;2.0
23.397;496;345.5320739746094;45.6468692740215;11.99747371673584;0.0028536054823131707;1.570611834526062;0.0;0.0;0.0201072096824646;0.0;0;15.0;15.0;15.0;15.0;2.0;2.0
23.408;497;345.6640625;45.64684493139445;11.997220039367676;0.0028536054823131707;1.570611834526062;0.0;0.0;0.0201072096824646;0.0;0;15.0;15.0;15.0;15.0;2.0;2.0
23.419;498;345.7960205078125;45.64682060479473;11.996967315673828;0.0028536054823131707;1.570611834526062;0.0;0.0;0.0201072096824646;0.0;0;15.0;15.0;15.0;15.0;2.0;2.0
23.43;499;345.927978515625;45.64679634706008;11.996718406677246;0.0030328962537975457;1.570611834526062;0.0;0.0;0.020255953073501587;0.0;0;15.0;15.0;15.0;15.0;2.0;2.0
23.441;500;346.0599670410156;45.6467720757254;11.996484756469727;0.0030328962537975457;1.570611834526062;0.0;0.0;0.020255953073501587;0.0;0;15.0;15.0;15.0;15.0;2.0;2.0
23.452;501;346.1919250488281;45.64674773748389;11.996251106262207;0.0030328962537975457;1.570611834526062;0.0;0.0;0.020255953073501587;0.0;0;15.0;15.0;15.0;15.0;2.0;2.0
23.463;502;346.3238830566406;45.6467234108767;11.996213912963867;0.0037491056654186394;1.570611834526062;0.0;0.0;0.024462345987558365;0.0;0;15.0;15.0;15.0;15.0;2.0;2.0
23.474;503;346.4558410644531;45.64669914513779;11.996519088745117;0.0037491056654186394;1.570611834526062;0.0;0.0;0.024462345987558365;0.0;0;15.0;15.0;15.0;15.0;2.0;2.0
23.485;504;346.5877990722656;45.646674877378004;11.996824264526367;0.0037491056654186394;1.570611834526062;0.0;0.0;0.024462345987558365;0.0;0;15.0;15.0;15.0;15.0;2.0;2.0
23.496;505;346.7197570800781;45.64665055245947;11.996973991394043;0.003175947401258483;1.570611834526062;0.0;0.0;0.021787742152810097;0.0;0;15.0;15.0;15.0;15.0;2.0;2.0
23.507;506;346.85174560546875;45.64662621077343;11.996936798095703;0.003175947401258483;1.570611834526062;0.0;0.0;0.021787742152810097;0.0;0;15.0;15.0;15.0;15.0;2.0;2.0
23.518;507;346.98370361328125;45.64660193162589;11.996899604797363;0.003175947401258483;1.570611834526062;0.0;0.0;0.021787742152810097;0.0;0;15.0;15.0;15.0;15.0;2.0;2.0
23.529;508;347.11566162109375;45.64657767047095;11.996867179870605;0.0031006071302623894;1.570611834526062;0.0;0.0;0.021985193714499474;0.0;0;15.0;15.0;15.0;15.0;2.0;2.0
23.54;509;347.24761962890625;45.64655334729941;11.996854782104492;0.0031006071302623894;1.570611834526062;0.0;0.0;0.021985193714499474;0.0;0;15.0;15.0;15.0;15.0;2.0;2.0
23.551;510;347.3796081542969;45.64652900039298;11.996843338012695;0.0031006071302623894;1.570611834526062;0.0;0.0;0.021985193714499474;0.0;0;15.0;15.0;15.0;15.0;2.0;2.0
23.562;511;347.5115661621094;45.64650471979471;11.996822357177734;0.003156873914930358;1.570611834526062;0.0;0.0;0.0212397463619709;0.0;0;15.0;15.0;15.0;15.0;2.0;2.0
23.573;512;347.6435241699219;45.646480466821394;11.99671459197998;0.003156873914930358;1.570611834526062;0.0;0.0;0.0212397463619709;0.0;0;15.0;15.0;15.0;15.0;2.0;2.0
23.584;513;347.7754821777344;45.64645615221704;11.996606826782227;0.003156873914930358;1.570611834526062;0.0;0.0;0.0212397463619709;0.0;0;15.0;15.0;15.0;15.0;2.0;2.0
23.595;514;347.9074401855469;45.646431806401004;11.996500015258789;0.003156873914930358;1.570611834526062;0.0;0.0;0.0212397463619709;0.0;0;15.0;15.0;15.0;15.0;2.0;2.0
23.606;515;348.0394287109375;45.64640752549319;11.996721267700195;0.003500196668836608;1.570611834526062;0.0;0.0;0.0243814829736948;0.0;0;15.0;15.0;15.0;15.0;2.0;2.0
23.617;516;348.17138671875;45.64638326759692;11.997015953063965;0.003500196668836608;1.570611834526062;0.0;0.0;0.0243814829736948;0.0;0;15.0;15.0;15.0;15.0;2.0;2.0
23.628;517;348.3033447265625;45.64635896925809;11.9972505569458;0.002984258863660827;1.570611834526062;0.0;0.0;0.01907360926270485;0.0;0;15.0;15.0;15.0;15.0;2.0;2.0
23.639;518;348.4353332519531;45.646334622876935;11.996865272521973;0.002984258863660827;1.570611834526062;0.0;0.0;0.01907360926270485;0.0;0;15.0;15.0;15.0;15.0;2.0;2.0
23.65;519;348.5672912597656;45.646310318689586;11.996479988098145;0.002984258863660827;1.570611834526062;0.0;0.0;0.01907360926270485;0.0;0;15.0;15.0;15.0;15.0;2.0;2.0
23.661;520;348.6992492675781;45.64628606537643;11.996192932128906;0.0035202238294811394;1.570611834526062;0.0;0.0;0.023316366598010063;0.0;0;15.0;15.0;15.0;15.0;2.0;2.0
23.672;521;348.8312072753906;45.64626177257041;11.996352195739746;0.0035202238294811394;1.570611834526062;0.0;0.0;0.023316366598010063;0.0;0;15.0;15.0;15.0;15.0;2.0;2.0
23.684;522;348.9631652832031;45.64623742277864;11.99651050567627;0.0035202238294811394;1.570611834526062;0.0;0.0;0.023316366598010063;0.0;0;15.0;15.0;15.0;15.0;2.0;2.0
23.694;523;349.0951232910156;45.64621311770976;11.996668815612793;0.0034897062513561394;1.570611834526062;0.0;0.0;0.023316366598010063;0.0;0;15.0;15.0;15.0;15.0;2.0;2.0
23.705;524;349.2270812988281;45.646188855672115;11.996918678283691;0.0034897062513561394;1.570611834526062;0.0;0.0;0.024094942957162857;0.0;0;15.0;15.0;15.0;15.0;2.0;2.0
23.716;525;349.35906982421875;45.64616456920541;11.997176170349121;0.0034897062513561394;1.570611834526062;0.0;0.0;0.024094942957162857;0.0;0;15.0;15.0;15.0;15.0;2.0;2.0
23.727;526;349.49102783203125;45.64614023363049;11.997434616088867;0.0034897062513561394;1.570611834526062;0.0;0.0;0.024094942957162857;0.0;0;15.0;15.0;15.0;15.0;2.0;2.0
23.738;527;349.6230163574219;45.64611591423901;11.997693061828613;0.0034897062513561394;1.570611834526062;0.0;0.0;0.024094942957162857;0.0;0;15.0;15.0;15.0;15.0;2.0;2.0
23.749;528;349.7549743652344;45.646091650336466;11.997950553894043;0.0034897062513561394;1.570611834526062;0.0;0.0;0.024094942957162857;0.0;0;15.0;15.0;15.0;15.0;2.0;2.0
23.76;529;349.886962890625;45.646067374309816;11.998208999633789;0.0034897062513561394;1.570611834526062;0.0;0.0;0.024094942957162857;0.0;0;15.0;15.0;15.0;15.0;2.0;2.0
23.771;530;350.0189514160156;45.64604303829298;11.998467445373535;0.0034897062513561394;1.570611834526062;0.0;0.0;0.024094942957162857;0.0;0;15.0;15.0;15.0;15.0;2.0;2.0
23.782;531;350.15093994140625;45.64601871134638;11.998724937438965;0.0034897062513561394;1.570611834526062;0.0;0.0;0.024094942957162857;0.0;0;15.0;15.0;15.0;15.0;2.0;2.0
23.793;532;350.2829284667969;45.64599444301049;11.998983383178711;0.0034897062513561394;1.570611834526062;0.0;0.0;0.024094942957162857;0.0;0;15.0;15.0;15.0;15.0;2.0;2.0
23.804;533;350.4149169921875;45.6459701694952;11.99924087524414;0.0034897062513561394;1.570611834526062;0.0;0.0;0.024094942957162857;0.0;0;15.0;15.0;15.0;15.0;2.0;2.0
